{
	"Camera":
	{
		"ViewProjection": [
			[ -0.15284328162670135, -0.21720917522907257, 0, 0.97353529930114746 ],
			[ 0.93366760015487671, -0.0084978556260466576, 0, 0.19403472542762756 ],
			[ -0.014337358064949512, 1.7627341747283936, 0, 0.1207459345459938 ],
			[ 105.16776275634766, -300.90762329101562, 1, -97.887542724609375 ]
		]
	},
	"Overall":
	{
		"Side": "right",
		"GazeWorld": [ -0.97371280193328857, 0.22777858376502991, 0.00034695863723754883 ],
		"GazeImage": [ 0.97014250014533188, -0.24253562503633297 ]
	},
	"Parameters":
	{
		"EyeBlink": 0,
		"EyeLookDown": 0,
		"EyeLookIn": 0.34999999999999998,
		"EyeLookOut": 0,
		"EyeLookUp": 0,
		"EyeSquint": 0,
		"EyeWide": 0
	},
	"Keypoints":
	{
		"PupilOffset": [ 98.751121520996094, -93.157310485839844, 182.37808227539062 ],
		"Eye": [ 100.39755249023438, -93.455558776855469, 182.47103881835938 ],
		"Pupil": [ 99.035774230957031, -93.213630676269531, 182.37797546386719 ],
		"EyeCornerOuter": [ 99.869834899902344, -94.988296508789062, 182.292236328125 ],
		"EyeCornerOuter1": [ 99.616996765136719, -94.988540649414062, 182.4224853515625 ],
		"EyeCornerOuter2": [ 99.694221496582031, -94.995002746582031, 182.1414794921875 ],
		"EyeCornerInner": [ 99.146430969238281, -92.003532409667969, 182.06661987304688 ],
		"EyeCornerInner2": [ 99.062393188476562, -92.357887268066406, 181.96604919433594 ],
		"EyeCornerInner1": [ 99.133453369140625, -92.214561462402344, 182.27261352539062 ],
		"EyelidLower2": [ 98.87628173828125, -93.689613342285156, 181.76399230957031 ],
		"EyelidLower3": [ 99.178085327148438, -94.484397888183594, 181.92530822753906 ],
		"EyelidLower1": [ 98.864913940429688, -92.890495300292969, 181.82148742675781 ],
		"EyelidUpper1": [ 98.784286499023438, -92.786300659179688, 182.79780578613281 ],
		"EyelidUpper2": [ 98.688163757324219, -93.615562438964844, 182.98236083984375 ],
		"EyelidUpper3": [ 99.041343688964844, -94.55511474609375, 182.81072998046875 ]
	}
}