{
	"Camera":
	{
		"ViewProjection": [
			[ 0.066939525306224823, 0.28867405652999878, 0, 0.98591357469558716 ],
			[ 0.92897212505340576, -0.32989773154258728, 0, -0.0080645941197872162 ],
			[ 0.16682788729667664, 1.7211387157440186, 0, -0.16706085205078125 ],
			[ 49.776165008544922, -373.5634765625, 1, -64.933441162109375 ]
		]
	},
	"Overall":
	{
		"Side": "right",
		"GazeWorld": [ -0.93257021903991699, -0.36063063144683838, -0.016075015068054199 ],
		"GazeImage": [ -0.98562225481326671, 0.16896381511084571 ]
	},
	"Parameters":
	{
		"EyeBlink": 0.112,
		"EyeLookDown": 0.13700000000000001,
		"EyeLookIn": 0,
		"EyeLookOut": 0.496,
		"EyeLookUp": 0.14299999999999999,
		"EyeSquint": 0.68799999999999994,
		"EyeWide": 0
	},
	"Keypoints":
	{
		"PupilOffset": [ 98.828773498535156, -94.095298767089844, 182.36387634277344 ],
		"Eye": [ 100.35561370849609, -93.41632080078125, 182.48422241210938 ],
		"Pupil": [ 99.095611572265625, -93.981391906738281, 182.36854553222656 ],
		"EyeCornerOuter": [ 99.929718017578125, -94.831336975097656, 182.228759765625 ],
		"EyeCornerOuter1": [ 99.665206909179688, -94.875953674316406, 182.325927734375 ],
		"EyeCornerOuter2": [ 99.884361267089844, -94.8009033203125, 182.15719604492188 ],
		"EyeCornerInner": [ 98.96002197265625, -92.16522216796875, 182.18313598632812 ],
		"EyeCornerInner2": [ 98.903480529785156, -92.461387634277344, 182.13996887207031 ],
		"EyeCornerInner1": [ 98.935943603515625, -92.338310241699219, 182.35397338867188 ],
		"EyelidLower2": [ 98.734840393066406, -93.718223571777344, 181.95234680175781 ],
		"EyelidLower3": [ 99.064224243164062, -94.49969482421875, 182.09135437011719 ],
		"EyelidLower1": [ 98.756065368652344, -92.95074462890625, 182.01481628417969 ],
		"EyelidUpper1": [ 98.695114135742188, -92.906776428222656, 182.61500549316406 ],
		"EyelidUpper2": [ 98.637153625488281, -93.767013549804688, 182.82437133789062 ],
		"EyelidUpper3": [ 99.026458740234375, -94.640403747558594, 182.68214416503906 ]
	}
}