{
	"Camera":
	{
		"ViewProjection": [
			[ -0.12775905430316925, -0.25214821100234985, 0, 0.97575473785400391 ],
			[ 0.91275119781494141, 0.36806103587150574, 0, 0.19394098222255707 ],
			[ -0.21415998041629791, 1.7191381454467773, 0, 0.10143802314996719 ],
			[ 137.09342956542969, -254.043701171875, 1, -93.289947509765625 ]
		]
	},
	"Overall":
	{
		"Side": "right",
		"GazeWorld": [ -0.99985510110855103, 0.010803776793181896, -0.013151228427886963 ],
		"GazeImage": [ 0.66896473162244974, -0.74329414624716639 ]
	},
	"Parameters":
	{
		"EyeBlink": 0.02,
		"EyeLookDown": 0.02,
		"EyeLookIn": 0.017000000000000001,
		"EyeLookOut": 0,
		"EyeLookUp": 0,
		"EyeSquint": 0.001,
		"EyeWide": 0.20799999999999999
	},
	"Keypoints":
	{
		"PupilOffset": [ 98.7225341796875, -93.523529052734375, 182.3621826171875 ],
		"Eye": [ 100.39327239990234, -93.457717895507812, 182.4776611328125 ],
		"Pupil": [ 99.012603759765625, -93.51666259765625, 182.36599731445312 ],
		"EyeCornerOuter": [ 99.913902282714844, -94.993507385253906, 182.31411743164062 ],
		"EyeCornerOuter1": [ 99.656326293945312, -94.997528076171875, 182.42352294921875 ],
		"EyeCornerOuter2": [ 99.743026733398438, -95.003166198730469, 182.16914367675781 ],
		"EyeCornerInner": [ 99.11431884765625, -92.071044921875, 182.01606750488281 ],
		"EyeCornerInner2": [ 99.031631469726562, -92.414283752441406, 181.91722106933594 ],
		"EyeCornerInner1": [ 99.08526611328125, -92.252197265625, 182.20242309570312 ],
		"EyelidLower2": [ 98.87225341796875, -93.721237182617188, 181.74070739746094 ],
		"EyelidLower3": [ 99.241607666015625, -94.524101257324219, 181.90190124511719 ],
		"EyelidLower1": [ 98.868301391601562, -92.933990478515625, 181.83045959472656 ],
		"EyelidUpper1": [ 98.769660949707031, -92.859169006347656, 182.77568054199219 ],
		"EyelidUpper2": [ 98.674873352050781, -93.692268371582031, 183.00553894042969 ],
		"EyelidUpper3": [ 99.06536865234375, -94.577064514160156, 182.84748840332031 ]
	}
}