{
	"Camera":
	{
		"ViewProjection": [
			[ 0.27929645776748657, -0.065713278949260712, 0, 0.96378815174102783 ],
			[ 0.88613659143447876, 0.3713802695274353, 0, -0.25100588798522949 ],
			[ -0.1790456622838974, 1.7355813980102539, 0, 0.090047992765903473 ],
			[ 81.228668212890625, -278.54397583007812, 1, -130.94589233398438 ]
		]
	},
	"Overall":
	{
		"Side": "left",
		"GazeWorld": [ -0.81252634525299072, 0.58291184902191162, 0.0038519499357789755 ],
		"GazeImage": [ 0.95202856128526425, -0.30600918041312064 ]
	},
	"Parameters":
	{
		"EyeBlink": 0.106,
		"EyeLookDown": 0,
		"EyeLookIn": 0.107,
		"EyeLookOut": 0.93300000000000005,
		"EyeLookUp": 0,
		"EyeSquint": 0.032000000000000001,
		"EyeWide": 0
	},
	"Keypoints":
	{
		"PupilOffset": [ 99.197906494140625, -85.496307373046875, 182.45429992675781 ],
		"EyelidLower2": [ 99.059516906738281, -86.176681518554688, 181.72528076171875 ],
		"EyelidLower1": [ 98.984519958496094, -86.997261047363281, 181.79325866699219 ],
		"EyelidLower3": [ 99.418083190917969, -85.3470458984375, 181.81912231445312 ],
		"EyeCornerOuter": [ 100.22945404052734, -85.014671325683594, 182.21162414550781 ],
		"EyeCornerOuter2": [ 100.21024322509766, -85.075263977050781, 182.05989074707031 ],
		"EyeCornerOuter1": [ 99.879714965820312, -85.002777099609375, 182.36973571777344 ],
		"EyeCornerInner": [ 99.107200622558594, -87.832260131835938, 182.05265808105469 ],
		"EyeCornerInner1": [ 99.010627746582031, -87.682853698730469, 182.26998901367188 ],
		"EyeCornerInner2": [ 99.079093933105469, -87.562545776367188, 181.91752624511719 ],
		"Eye": [ 100.48780059814453, -86.537521362304688, 182.52116394042969 ],
		"Pupil": [ 99.427711486816406, -85.673477172851562, 182.45318603515625 ],
		"EyelidUpper2": [ 98.823738098144531, -86.14068603515625, 182.902099609375 ],
		"EyelidUpper3": [ 99.147857666015625, -85.212516784667969, 182.74659729003906 ],
		"EyelidUpper1": [ 98.904472351074219, -86.977874755859375, 182.62870788574219 ]
	}
}