{
	"Camera":
	{
		"ViewProjection": [
			[ 0.27417841553688049, 0.16904674470424652, 0, 0.96122086048126221 ],
			[ 0.90224301815032959, 0.10123665630817413, 0, -0.26480665802955627 ],
			[ -0.078009985387325287, 1.7651227712631226, 0, -0.077020026743412018 ],
			[ 71.528327941894531, -329.60867309570312, 1, -102.09971618652344 ]
		]
	},
	"Overall":
	{
		"Side": "right",
		"GazeWorld": [ -0.99893593788146973, -9.4716178864473477e-06, -0.046118557453155518 ],
		"GazeImage": [ -0.78631833882242252, 0.61782155193190347 ]
	},
	"Parameters":
	{
		"EyeBlink": 0,
		"EyeLookDown": 0.182,
		"EyeLookIn": 0,
		"EyeLookOut": 0,
		"EyeLookUp": 0.154,
		"EyeSquint": 0,
		"EyeWide": 0.874
	},
	"Keypoints":
	{
		"PupilOffset": [ 98.701881408691406, -93.532920837402344, 182.29373168945312 ],
		"Eye": [ 100.36688995361328, -93.449089050292969, 182.464111328125 ],
		"Pupil": [ 98.991569519042969, -93.522918701171875, 182.30711364746094 ],
		"EyeCornerOuter": [ 99.945938110351562, -94.958541870117188, 182.35345458984375 ],
		"EyeCornerOuter1": [ 99.699874877929688, -94.962165832519531, 182.49456787109375 ],
		"EyeCornerOuter2": [ 99.739471435546875, -94.9766845703125, 182.1507568359375 ],
		"EyeCornerInner": [ 99.118171691894531, -92.061187744140625, 181.98918151855469 ],
		"EyeCornerInner2": [ 99.032958984375, -92.406356811523438, 181.90145874023438 ],
		"EyeCornerInner1": [ 99.097610473632812, -92.246315002441406, 182.14143371582031 ],
		"EyelidLower2": [ 98.893836975097656, -93.757560729980469, 181.67436218261719 ],
		"EyelidLower3": [ 99.293586730957031, -94.565208435058594, 181.8641357421875 ],
		"EyelidLower1": [ 98.865310668945312, -92.966300964355469, 181.76078796386719 ],
		"EyelidUpper1": [ 98.713249206542969, -92.8951416015625, 183.00846862792969 ],
		"EyelidUpper2": [ 98.639671325683594, -93.704261779785156, 183.17436218261719 ],
		"EyelidUpper3": [ 99.079559326171875, -94.558944702148438, 183.01071166992188 ]
	}
}