{
	"Camera":
	{
		"ViewProjection": [
			[ -0.25079336762428284, 0.47329065203666687, 0, 0.91757345199584961 ],
			[ 0.89253968000411987, 0.48113939166069031, 0, 0.22229853272438049 ],
			[ -0.18914955854415894, 1.6428587436676025, 0, -0.32960966229438782 ],
			[ 143.15266418457031, -301.42166137695312, 1, -6.5201578140258789 ]
		]
	},
	"Overall":
	{
		"Side": "right",
		"GazeWorld": [ -0.97526758909225464, -0.17788136005401611, -0.13119208812713623 ],
		"GazeImage": [ 0.37729688731351946, 0.92609235976954773 ]
	},
	"Parameters":
	{
		"EyeBlink": 0.056000000000000001,
		"EyeLookDown": 0.192,
		"EyeLookIn": 0,
		"EyeLookOut": 0.24199999999999999,
		"EyeLookUp": 0,
		"EyeSquint": 0.64100000000000001,
		"EyeWide": 0
	},
	"Keypoints":
	{
		"PupilOffset": [ 98.755706787109375, -93.80902099609375, 182.20529174804688 ],
		"Eye": [ 100.35837554931641, -93.432106018066406, 182.51679992675781 ],
		"Pupil": [ 99.0367431640625, -93.747596740722656, 182.24333190917969 ],
		"EyeCornerOuter": [ 99.877326965332031, -94.838142395019531, 182.17242431640625 ],
		"EyeCornerOuter1": [ 99.622665405273438, -94.898551940917969, 182.26040649414062 ],
		"EyeCornerOuter2": [ 99.782989501953125, -94.816909790039062, 182.10675048828125 ],
		"EyeCornerInner": [ 99.041206359863281, -92.117622375488281, 182.11842346191406 ],
		"EyeCornerInner2": [ 98.999343872070312, -92.415084838867188, 182.07373046875 ],
		"EyeCornerInner1": [ 99.015579223632812, -92.297348022460938, 182.28202819824219 ],
		"EyelidLower2": [ 98.763626098632812, -93.701126098632812, 181.84657287597656 ],
		"EyelidLower3": [ 99.117156982421875, -94.471908569335938, 181.99334716796875 ],
		"EyelidLower1": [ 98.801002502441406, -92.926048278808594, 181.93087768554688 ],
		"EyelidUpper1": [ 98.686187744140625, -92.876274108886719, 182.52024841308594 ],
		"EyelidUpper2": [ 98.614837646484375, -93.730430603027344, 182.72355651855469 ],
		"EyelidUpper3": [ 99.010551452636719, -94.593772888183594, 182.58978271484375 ]
	}
}