{
	"Camera":
	{
		"ViewProjection": [
			[ -0.21834360063076019, -0.18288609385490417, 0, 0.95958441495895386 ],
			[ 0.90546154975891113, -0.36232015490531921, 0, 0.23742200434207916 ],
			[ 0.1666346937417984, 1.7290924787521362, 0, 0.15109123289585114 ],
			[ 69.3193359375, -328.90597534179688, 1, -98.387992858886719 ]
		]
	},
	"Overall":
	{
		"Side": "left",
		"GazeWorld": [ -0.9493749737739563, -0.029563987627625465, -0.31275081634521484 ],
		"GazeImage": [ 0.11043152607484653, 0.99388373467361879 ]
	},
	"Parameters":
	{
		"EyeBlink": 0.81999999999999995,
		"EyeLookDown": 0.497,
		"EyeLookIn": 0.070999999999999994,
		"EyeLookOut": 0,
		"EyeLookUp": 0,
		"EyeSquint": 0,
		"EyeWide": 0
	},
	"Keypoints":
	{
		"PupilOffset": [ 98.950531005859375, -86.435569763183594, 181.93780517578125 ],
		"EyelidLower2": [ 99.04150390625, -86.369667053222656, 181.56124877929688 ],
		"EyelidLower1": [ 99.152900695800781, -87.179931640625, 181.69436645507812 ],
		"EyelidLower3": [ 99.37469482421875, -85.556755065917969, 181.68000793457031 ],
		"EyeCornerOuter": [ 99.938995361328125, -85.227958679199219, 181.71282958984375 ],
		"EyeCornerOuter2": [ 99.915359497070312, -85.176063537597656, 181.71028137207031 ],
		"EyeCornerOuter1": [ 99.546249389648438, -85.177528381347656, 181.75869750976562 ],
		"EyeCornerInner": [ 99.226661682128906, -87.865715026855469, 181.80494689941406 ],
		"EyeCornerInner1": [ 99.070465087890625, -87.718147277832031, 181.99568176269531 ],
		"EyeCornerInner2": [ 99.3751220703125, -87.641960144042969, 181.73310852050781 ],
		"Eye": [ 100.50265502929688, -86.483993530273438, 182.52349853515625 ],
		"Pupil": [ 99.226173400878906, -86.436988830566406, 182.02845764160156 ],
		"EyelidUpper2": [ 98.836387634277344, -86.401260375976562, 181.98249816894531 ],
		"EyelidUpper3": [ 99.164360046386719, -85.597251892089844, 181.90640258789062 ],
		"EyelidUpper1": [ 99.125625610351562, -87.222442626953125, 181.95692443847656 ]
	}
}