{
	"Camera":
	{
		"ViewProjection": [
			[ 0.3791639506816864, -0.35432347655296326, 0, 0.90675210952758789 ],
			[ 0.86379158496856689, 0.0074567501433193684, 0, -0.3783872127532959 ],
			[ 0.073488704860210419, 1.7403686046600342, 0, 0.18607461452484131 ],
			[ 23.361595153808594, -281.6427001953125, 1, -153.546142578125 ]
		]
	},
	"Overall":
	{
		"Side": "left",
		"GazeWorld": [ -0.98277896642684937, -0.10758963972330093, 0.15023282170295715 ],
		"GazeImage": [ -0.81923192051904048, -0.57346234436332832 ]
	},
	"Parameters":
	{
		"EyeBlink": 0.24199999999999999,
		"EyeLookDown": 0,
		"EyeLookIn": 0.17299999999999999,
		"EyeLookOut": 0,
		"EyeLookUp": 0.27200000000000002,
		"EyeSquint": 0,
		"EyeWide": 0
	},
	"Keypoints":
	{
		"PupilOffset": [ 98.835678100585938, -86.539268493652344, 182.58387756347656 ],
		"EyelidLower2": [ 98.919578552246094, -86.296478271484375, 181.80473327636719 ],
		"EyelidLower1": [ 98.99462890625, -87.131034851074219, 181.879638671875 ],
		"EyelidLower3": [ 99.212608337402344, -85.469024658203125, 181.93728637695312 ],
		"EyeCornerOuter": [ 99.852684020996094, -85.009574890136719, 182.24545288085938 ],
		"EyeCornerOuter2": [ 99.779937744140625, -84.990272521972656, 182.16194152832031 ],
		"EyeCornerOuter1": [ 99.616752624511719, -84.9957275390625, 182.35810852050781 ],
		"EyeCornerInner": [ 99.203697204589844, -87.905258178710938, 182.06425476074219 ],
		"EyeCornerInner1": [ 99.161941528320312, -87.7691650390625, 182.25248718261719 ],
		"EyeCornerInner2": [ 99.169876098632812, -87.639060974121094, 181.97219848632812 ],
		"Eye": [ 100.48416137695312, -86.455894470214844, 182.40814208984375 ],
		"Pupil": [ 99.121772766113281, -86.51800537109375, 182.54031372070312 ],
		"EyelidUpper2": [ 98.764640808105469, -86.314559936523438, 182.8734130859375 ],
		"EyelidUpper3": [ 99.096649169921875, -85.44061279296875, 182.68104553222656 ],
		"EyelidUpper1": [ 98.930625915527344, -87.156631469726562, 182.68826293945312 ]
	}
}