{
	"Camera":
	{
		"ViewProjection": [
			[ -0.11430041491985321, 0.017716286703944206, 0, 0.98819410800933838 ],
			[ 0.91582053899765015, 0.39650020003318787, 0, 0.14678758382797241 ],
			[ -0.20859056711196899, 1.7311724424362183, 0, -0.043886516243219376 ],
			[ 135.13604736328125, -280.44122314453125, 1, -73.344955444335938 ]
		]
	},
	"Overall":
	{
		"Side": "right",
		"GazeWorld": [ -0.812427818775177, 0.056171346455812454, -0.58034968376159668 ],
		"GazeImage": [ 0.4678877204190327, 0.88378791634706177 ]
	},
	"Parameters":
	{
		"EyeBlink": 0,
		"EyeLookDown": 0.88800000000000001,
		"EyeLookIn": 0.105,
		"EyeLookOut": 0,
		"EyeLookUp": 0,
		"EyeSquint": 0,
		"EyeWide": 0
	},
	"Keypoints":
	{
		"PupilOffset": [ 98.955345153808594, -93.407028198242188, 181.56918334960938 ],
		"Eye": [ 100.26533508300781, -93.413345336914062, 182.61314392089844 ],
		"Pupil": [ 99.191635131835938, -93.413345336914062, 181.73748779296875 ],
		"EyeCornerOuter": [ 100.04383850097656, -94.810226440429688, 181.76332092285156 ],
		"EyeCornerOuter1": [ 99.6739501953125, -94.830703735351562, 181.82563781738281 ],
		"EyeCornerOuter2": [ 99.938179016113281, -94.8121337890625, 181.6622314453125 ],
		"EyeCornerInner": [ 99.136642456054688, -92.064422607421875, 181.7054443359375 ],
		"EyeCornerInner2": [ 99.226005554199219, -92.3631591796875, 181.61448669433594 ],
		"EyeCornerInner1": [ 99.065010070800781, -92.318840026855469, 181.86758422851562 ],
		"EyelidLower2": [ 99.205490112304688, -93.731575012207031, 181.21232604980469 ],
		"EyelidLower3": [ 99.648017883300781, -94.540679931640625, 181.47001647949219 ],
		"EyelidLower1": [ 99.096244812011719, -92.909515380859375, 181.37947082519531 ],
		"EyelidUpper1": [ 98.618019104003906, -92.843536376953125, 182.00924682617188 ],
		"EyelidUpper2": [ 98.603759765625, -93.692619323730469, 181.97908020019531 ],
		"EyelidUpper3": [ 99.106002807617188, -94.532699584960938, 181.96110534667969 ]
	}
}