{
	"Camera":
	{
		"ViewProjection": [
			[ -0.18444906175136566, 0.13926835358142853, 0, 0.97084105014801025 ],
			[ 0.89845573902130127, -0.41674700379371643, 0, 0.23881222307682037 ],
			[ 0.23250295221805573, 1.7208747863769531, 0, -0.020890440791845322 ],
			[ 53.165660858154297, -364.01190185546875, 1, -69.16558837890625 ]
		]
	},
	"Overall":
	{
		"Side": "left",
		"GazeWorld": [ -0.99680942296981812, -0.079790875315666199, -0.0020760891493409872 ],
		"GazeImage": [ -0.58123819371909646, 0.813733471206735 ]
	},
	"Parameters":
	{
		"EyeBlink": 0.69699999999999995,
		"EyeLookDown": 0.39300000000000002,
		"EyeLookIn": 0.14000000000000001,
		"EyeLookOut": 0,
		"EyeLookUp": 0.47399999999999998,
		"EyeSquint": 0.044999999999999998,
		"EyeWide": 0.433
	},
	"Keypoints":
	{
		"PupilOffset": [ 98.842460632324219, -86.514434814453125, 182.34561157226562 ],
		"EyelidLower2": [ 98.91705322265625, -86.351783752441406, 181.74623107910156 ],
		"EyelidLower1": [ 99.033706665039062, -87.166015625, 181.82586669921875 ],
		"EyelidLower3": [ 99.22161865234375, -85.5390625, 181.86614990234375 ],
		"EyeCornerOuter": [ 99.869857788085938, -85.174362182617188, 182.02389526367188 ],
		"EyeCornerOuter2": [ 99.810836791992188, -85.133865356445312, 181.95980834960938 ],
		"EyeCornerOuter1": [ 99.571586608886719, -85.139205932617188, 182.10560607910156 ],
		"EyeCornerInner": [ 99.169914245605469, -87.895561218261719, 181.96542358398438 ],
		"EyeCornerInner1": [ 99.078071594238281, -87.754249572753906, 182.14906311035156 ],
		"EyeCornerInner2": [ 99.251274108886719, -87.647796630859375, 181.87374877929688 ],
		"Eye": [ 100.49980163574219, -86.478607177734375, 182.42219543457031 ],
		"Pupil": [ 99.132331848144531, -86.501266479492188, 182.34620666503906 ],
		"EyelidUpper2": [ 98.725578308105469, -86.395767211914062, 182.44087219238281 ],
		"EyelidUpper3": [ 99.063751220703125, -85.573394775390625, 182.32958984375 ],
		"EyelidUpper1": [ 98.993789672851562, -87.234245300292969, 182.30998229980469 ]
	}
}