{
	"Camera":
	{
		"ViewProjection": [
			[ 0.19976945221424103, 0.33039569854736328, 0, 0.96589815616607666 ],
			[ 0.92032408714294434, 0.10174104571342468, 0, -0.19350554049015045 ],
			[ -0.091638997197151184, 1.7421169281005859, 0, -0.1720365583896637 ],
			[ 83.108306884765625, -341.33425903320312, 1, -79.024421691894531 ]
		]
	},
	"Overall":
	{
		"Side": "right",
		"GazeWorld": [ -0.99984759092330933, 0.0095590818673372269, 0.014605462551116943 ],
		"GazeImage": [ -0.59999999999999998, 0.80000000000000004 ]
	},
	"Parameters":
	{
		"EyeBlink": 0.40200000000000002,
		"EyeLookDown": 0,
		"EyeLookIn": 0.025999999999999999,
		"EyeLookOut": 0,
		"EyeLookUp": 0,
		"EyeSquint": 0.36399999999999999,
		"EyeWide": 0.20599999999999999
	},
	"Keypoints":
	{
		"PupilOffset": [ 98.738090515136719, -93.526519775390625, 182.40531921386719 ],
		"Eye": [ 100.41131591796875, -93.458633422851562, 182.47444152832031 ],
		"Pupil": [ 99.028144836425781, -93.519294738769531, 182.40107727050781 ],
		"EyeCornerOuter": [ 99.609580993652344, -94.806694030761719, 182.18692016601562 ],
		"EyeCornerOuter1": [ 99.369720458984375, -94.870582580566406, 182.29307556152344 ],
		"EyeCornerOuter2": [ 99.44683837890625, -94.83636474609375, 182.10829162597656 ],
		"EyeCornerInner": [ 99.103813171386719, -92.083824157714844, 182.09687805175781 ],
		"EyeCornerInner2": [ 99.076927185058594, -92.379150390625, 182.02949523925781 ],
		"EyeCornerInner1": [ 99.052154541015625, -92.245040893554688, 182.27313232421875 ],
		"EyelidLower2": [ 98.747367858886719, -93.587905883789062, 181.95332336425781 ],
		"EyelidLower3": [ 99.070503234863281, -94.376205444335938, 182.08868408203125 ],
		"EyelidLower1": [ 98.837898254394531, -92.835693359375, 182.00601196289062 ],
		"EyelidUpper1": [ 98.753128051757812, -92.782089233398438, 182.54759216308594 ],
		"EyelidUpper2": [ 98.585182189941406, -93.572395324707031, 182.68475341796875 ],
		"EyelidUpper3": [ 98.894004821777344, -94.418708801269531, 182.57229614257812 ]
	}
}