{
	"Camera":
	{
		"ViewProjection": [
			[ 0.062712796032428741, -0.14846688508987427, 0, 0.99593061208724976 ],
			[ 0.9416014552116394, -0.11944475024938583, 0, -0.039721552282571793 ],
			[ 0.068959973752498627, 1.7658352851867676, 0, 0.080897420644760132 ],
			[ 62.271816253662109, -317.78378295898438, 1, -114.13447570800781 ]
		]
	},
	"Overall":
	{
		"Side": "left",
		"GazeWorld": [ -0.99984586238861084, 0.0078481836244463921, 0.015697836875915527 ],
		"GazeImage": [ -0.80873608430318844, -0.58817169767504618 ]
	},
	"Parameters":
	{
		"EyeBlink": 0.44600000000000001,
		"EyeLookDown": 0,
		"EyeLookIn": 0,
		"EyeLookOut": 0,
		"EyeLookUp": 0,
		"EyeSquint": 0,
		"EyeWide": 0.114
	},
	"Keypoints":
	{
		"PupilOffset": [ 98.8350830078125, -86.344718933105469, 182.41163635253906 ],
		"EyelidLower2": [ 98.97412109375, -86.300308227539062, 181.71397399902344 ],
		"EyelidLower1": [ 99.058479309082031, -87.130157470703125, 181.81874084472656 ],
		"EyelidLower3": [ 99.280555725097656, -85.480964660644531, 181.84559631347656 ],
		"EyeCornerOuter": [ 99.833160400390625, -85.037818908691406, 182.07467651367188 ],
		"EyeCornerOuter2": [ 99.805389404296875, -85.006210327148438, 182.01199340820312 ],
		"EyeCornerOuter1": [ 99.548637390136719, -85.022453308105469, 182.15852355957031 ],
		"EyeCornerInner": [ 99.213775634765625, -87.86932373046875, 181.98591613769531 ],
		"EyeCornerInner1": [ 99.127357482910156, -87.7388916015625, 182.16439819335938 ],
		"EyeCornerInner2": [ 99.226226806640625, -87.620887756347656, 181.90080261230469 ],
		"Eye": [ 100.490966796875, -86.453903198242188, 182.45890808105469 ],
		"Pupil": [ 99.124961853027344, -86.35699462890625, 182.40708923339844 ],
		"EyelidUpper2": [ 98.771255493164062, -86.319198608398438, 182.62338256835938 ],
		"EyelidUpper3": [ 99.083465576171875, -85.493751525878906, 182.46504211425781 ],
		"EyelidUpper1": [ 98.965301513671875, -87.1392822265625, 182.45289611816406 ]
	}
}