{
	"Camera":
	{
		"ViewProjection": [
			[ 0.24546900391578674, -0.44500145316123962, 0, 0.94064456224441528 ],
			[ 0.91353398561477661, 0.077417664229869843, 0, -0.22544464468955994 ],
			[ 0.022415097802877426, 1.7176915407180786, 0, 0.25369805097579956 ],
			[ 57.051288604736328, -262.03335571289062, 1, -157.83149719238281 ]
		]
	},
	"Overall":
	{
		"Side": "right",
		"GazeWorld": [ -0.99391674995422363, -0.012688801623880863, 0.10940008610486984 ],
		"GazeImage": [ -0.50571949971242014, -0.86269797009765803 ]
	},
	"Parameters":
	{
		"EyeBlink": 0.69899999999999995,
		"EyeLookDown": 0,
		"EyeLookIn": 0,
		"EyeLookOut": 0,
		"EyeLookUp": 0.161,
		"EyeSquint": 0,
		"EyeWide": 0
	},
	"Keypoints":
	{
		"PupilOffset": [ 98.750724792480469, -93.563224792480469, 182.523193359375 ],
		"Eye": [ 100.42101287841797, -93.458175659179688, 182.43373107910156 ],
		"Pupil": [ 99.038833618164062, -93.549545288085938, 182.49148559570312 ],
		"EyeCornerOuter": [ 99.63165283203125, -94.766876220703125, 182.04269409179688 ],
		"EyeCornerOuter1": [ 99.344429016113281, -94.836685180664062, 182.14358520507812 ],
		"EyeCornerOuter2": [ 99.509803771972656, -94.788093566894531, 181.97285461425781 ],
		"EyeCornerInner": [ 99.115097045898438, -92.091659545898438, 181.99658203125 ],
		"EyeCornerInner2": [ 99.158683776855469, -92.383834838867188, 181.89959716796875 ],
		"EyeCornerInner1": [ 98.995773315429688, -92.2611083984375, 182.18844604492188 ],
		"EyelidLower2": [ 98.845184326171875, -93.586265563964844, 181.84445190429688 ],
		"EyelidLower3": [ 99.135429382324219, -94.375228881835938, 181.97174072265625 ],
		"EyelidLower1": [ 98.898239135742188, -92.814712524414062, 181.90861511230469 ],
		"EyelidUpper1": [ 98.903335571289062, -92.74456787109375, 182.21965026855469 ],
		"EyelidUpper2": [ 98.670066833496094, -93.506050109863281, 182.32511901855469 ],
		"EyelidUpper3": [ 98.955596923828125, -94.320907592773438, 182.25030517578125 ]
	}
}