{
	"Camera":
	{
		"ViewProjection": [
			[ 0.10129933059215546, 0.034731358289718628, 0, 0.99700254201889038 ],
			[ 0.94071567058563232, -0.022084815427660942, 0, -0.074582956731319427 ],
			[ 0.0097144655883312225, 1.7756097316741943, 0, -0.02057945728302002 ],
			[ 76.238487243652344, -329.55807495117188, 1, -98.491188049316406 ]
		]
	},
	"Overall":
	{
		"Side": "right",
		"GazeWorld": [ -0.8997570276260376, 0.07848646491765976, 0.42927509546279907 ],
		"GazeImage": [ 0.099503719020998915, -0.99503719020998915 ]
	},
	"Parameters":
	{
		"EyeBlink": 0.51900000000000002,
		"EyeLookDown": 0,
		"EyeLookIn": 0.14899999999999999,
		"EyeLookOut": 0,
		"EyeLookUp": 0.81000000000000005,
		"EyeSquint": 0.034000000000000002,
		"EyeWide": 0
	},
	"Keypoints":
	{
		"PupilOffset": [ 98.855972290039062, -93.402671813964844, 182.89765930175781 ],
		"Eye": [ 100.40734100341797, -93.453933715820312, 182.26655578613281 ],
		"Pupil": [ 99.117790222167969, -93.415473937988281, 182.77320861816406 ],
		"EyeCornerOuter": [ 99.749923706054688, -94.833053588867188, 182.30899047851562 ],
		"EyeCornerOuter1": [ 99.462440490722656, -94.854690551757812, 182.4454345703125 ],
		"EyeCornerOuter2": [ 99.610870361328125, -94.867088317871094, 182.19056701660156 ],
		"EyeCornerInner": [ 99.088134765625, -92.06866455078125, 182.16226196289062 ],
		"EyeCornerInner2": [ 99.059494018554688, -92.403045654296875, 182.07461547851562 ],
		"EyeCornerInner1": [ 99.012168884277344, -92.248397827148438, 182.3436279296875 ],
		"EyelidLower2": [ 98.772781372070312, -93.615608215332031, 182.02351379394531 ],
		"EyelidLower3": [ 99.033401489257812, -94.419853210449219, 182.16676330566406 ],
		"EyelidLower1": [ 98.796951293945312, -92.831222534179688, 182.05276489257812 ],
		"EyelidUpper1": [ 98.855430603027344, -92.771591186523438, 182.59770202636719 ],
		"EyelidUpper2": [ 98.696556091308594, -93.579429626464844, 182.77507019042969 ],
		"EyelidUpper3": [ 99.014877319335938, -94.415618896484375, 182.64645385742188 ]
	}
}