{
	"Camera":
	{
		"ViewProjection": [
			[ 0.16223256289958954, -0.036658976227045059, 0, 0.99001342058181763 ],
			[ 0.9025384783744812, 0.45048165321350098, 0, -0.12979541718959808 ],
			[ -0.23325227200984955, 1.7176165580749512, 0, 0.055016141384840012 ],
			[ 104.19725036621094, -271.33837890625, 1, -115.50181579589844 ]
		]
	},
	"Overall":
	{
		"Side": "left",
		"GazeWorld": [ -0.93692272901535034, 1.0802856195368804e-05, -0.3495364785194397 ],
		"GazeImage": [ -0.24253562503633297, 0.97014250014533188 ]
	},
	"Parameters":
	{
		"EyeBlink": 0,
		"EyeLookDown": 0.78300000000000003,
		"EyeLookIn": 0,
		"EyeLookOut": 0,
		"EyeLookUp": 0.36299999999999999,
		"EyeSquint": 0,
		"EyeWide": 0
	},
	"Keypoints":
	{
		"PupilOffset": [ 98.945350646972656, -86.403419494628906, 181.84840393066406 ],
		"EyelidLower2": [ 98.978096008300781, -86.297248840332031, 181.51980590820312 ],
		"EyelidLower1": [ 99.116798400878906, -87.076789855957031, 181.62825012207031 ],
		"EyelidLower3": [ 99.392135620117188, -85.507621765136719, 181.67843627929688 ],
		"EyeCornerOuter": [ 99.97015380859375, -85.315399169921875, 181.84175109863281 ],
		"EyeCornerOuter2": [ 99.920463562011719, -85.199813842773438, 181.79989624023438 ],
		"EyeCornerOuter1": [ 99.629737854003906, -85.243400573730469, 181.95243835449219 ],
		"EyeCornerInner": [ 99.203582763671875, -87.798736572265625, 181.78446960449219 ],
		"EyeCornerInner1": [ 99.08819580078125, -87.662918090820312, 182.0496826171875 ],
		"EyeCornerInner2": [ 99.291427612304688, -87.592269897460938, 181.64990234375 ],
		"Eye": [ 100.47064971923828, -86.499618530273438, 182.49436950683594 ],
		"Pupil": [ 99.217056274414062, -86.413421630859375, 181.94976806640625 ],
		"EyelidUpper2": [ 98.767463684082031, -86.338333129882812, 182.26553344726562 ],
		"EyelidUpper3": [ 99.101959228515625, -85.511299133300781, 182.12570190429688 ],
		"EyelidUpper1": [ 98.892074584960938, -87.178192138671875, 182.166748046875 ]
	}
}