{
	"Camera":
	{
		"ViewProjection": [
			[ 0.10274787247180939, -0.43648618459701538, 0, 0.96627753973007202 ],
			[ 0.93137764930725098, -0.19330811500549316, 0, -0.10677836835384369 ],
			[ 0.13145427405834198, 1.7107294797897339, 0, 0.23432047665119171 ],
			[ 53.080356597900391, -286.8958740234375, 1, -145.63142395019531 ]
		]
	},
	"Overall":
	{
		"Side": "right",
		"GazeWorld": [ -0.95904165506362915, -0.042097888886928558, 0.28011906147003174 ],
		"GazeImage": [ -0.07124704998790965, -0.99745869983073498 ]
	},
	"Parameters":
	{
		"EyeBlink": 0,
		"EyeLookDown": 0,
		"EyeLookIn": 0,
		"EyeLookOut": 0.058999999999999997,
		"EyeLookUp": 0.54100000000000004,
		"EyeSquint": 0.033000000000000002,
		"EyeWide": 0
	},
	"Keypoints":
	{
		"PupilOffset": [ 98.761314392089844, -93.607429504394531, 182.71705627441406 ],
		"Eye": [ 100.38667297363281, -93.452323913574219, 182.3397216796875 ],
		"Pupil": [ 99.03900146484375, -93.585227966308594, 182.63581848144531 ],
		"EyeCornerOuter": [ 100.0384521484375, -94.981430053710938, 182.45591735839844 ],
		"EyeCornerOuter1": [ 99.711990356445312, -94.946182250976562, 182.56246948242188 ],
		"EyeCornerOuter2": [ 99.892669677734375, -95.021873474121094, 182.32798767089844 ],
		"EyeCornerInner": [ 99.070411682128906, -92.094024658203125, 182.11032104492188 ],
		"EyeCornerInner2": [ 98.923660278320312, -92.453224182128906, 182.04981994628906 ],
		"EyeCornerInner1": [ 99.054481506347656, -92.271133422851562, 182.31013488769531 ],
		"EyelidLower2": [ 98.788002014160156, -93.741920471191406, 181.90834045410156 ],
		"EyelidLower3": [ 99.14447021484375, -94.559181213378906, 182.07377624511719 ],
		"EyelidLower1": [ 98.772041320800781, -92.950965881347656, 181.96934509277344 ],
		"EyelidUpper1": [ 98.869964599609375, -92.881256103515625, 182.94674682617188 ],
		"EyelidUpper2": [ 98.841407775878906, -93.739418029785156, 183.23312377929688 ],
		"EyelidUpper3": [ 99.244491577148438, -94.628547668457031, 183.02947998046875 ]
	}
}