{
	"Camera":
	{
		"ViewProjection": [
			[ -0.17595428228378296, 0.30737829208374023, 0, 0.96064263582229614 ],
			[ 0.91762655973434448, 0.3382536768913269, 0, 0.18366958200931549 ],
			[ -0.14934365451335907, 1.7162712812423706, 0, -0.20840194821357727 ],
			[ 123.78832244873047, -314.48184204101562, 1, -38.860172271728516 ]
		]
	},
	"Overall":
	{
		"Side": "left",
		"GazeWorld": [ -0.99593108892440796, -0.0089406026527285576, 0.089674234390258789 ],
		"GazeImage": [ 0.44721359549995793, 0.89442719099991586 ]
	},
	"Parameters":
	{
		"EyeBlink": 0.17000000000000001,
		"EyeLookDown": 0,
		"EyeLookIn": 0.017999999999999999,
		"EyeLookOut": 0,
		"EyeLookUp": 0.16,
		"EyeSquint": 0.46700000000000003,
		"EyeWide": 0.27800000000000002
	},
	"Keypoints":
	{
		"PupilOffset": [ 98.824577331542969, -86.37274169921875, 182.50444030761719 ],
		"EyelidLower2": [ 98.825790405273438, -86.340301513671875, 181.92637634277344 ],
		"EyelidLower1": [ 98.975563049316406, -87.155403137207031, 181.99864196777344 ],
		"EyelidLower3": [ 99.108734130859375, -85.5322265625, 182.05058288574219 ],
		"EyeCornerOuter": [ 99.736618041992188, -85.058296203613281, 182.30299377441406 ],
		"EyeCornerOuter2": [ 99.672760009765625, -85.0400390625, 182.22416687011719 ],
		"EyeCornerOuter1": [ 99.554222106933594, -84.99444580078125, 182.39741516113281 ],
		"EyeCornerInner": [ 99.196395874023438, -87.8739013671875, 182.10588073730469 ],
		"EyeCornerInner1": [ 99.170242309570312, -87.748001098632812, 182.26686096191406 ],
		"EyeCornerInner2": [ 99.144577026367188, -87.63671875, 182.05905151367188 ],
		"Eye": [ 100.48094177246094, -86.454086303710938, 182.42926025390625 ],
		"Pupil": [ 99.113487243652344, -86.380149841308594, 182.47843933105469 ],
		"EyelidUpper2": [ 98.7645263671875, -86.306732177734375, 183.00993347167969 ],
		"EyelidUpper3": [ 99.088371276855469, -85.431137084960938, 182.82827758789062 ],
		"EyelidUpper1": [ 98.902099609375, -87.148406982421875, 182.78976440429688 ]
	}
}