{
	"Camera":
	{
		"ViewProjection": [
			[ 0.17285048961639404, -0.39115989208221436, 0, 0.96363347768783569 ],
			[ 0.90756458044052124, -0.30929771065711975, 0, -0.19169251620769501 ],
			[ 0.20433096587657928, 1.7046444416046143, 0, 0.18618428707122803 ],
			[ 30.683132171630859, -301.00103759765625, 1, -144.00148010253906 ]
		]
	},
	"Overall":
	{
		"Side": "right",
		"GazeWorld": [ -0.9536736011505127, -0.28307601809501648, 0.10185515880584717 ],
		"GazeImage": [ -0.70710678118654746, -0.70710678118654746 ]
	},
	"Parameters":
	{
		"EyeBlink": 0,
		"EyeLookDown": 0,
		"EyeLookIn": 0,
		"EyeLookOut": 0.39000000000000001,
		"EyeLookUp": 0.19400000000000001,
		"EyeSquint": 0.45600000000000002,
		"EyeWide": 0.71799999999999997
	},
	"Keypoints":
	{
		"PupilOffset": [ 98.796562194824219, -93.985565185546875, 182.52128601074219 ],
		"Eye": [ 100.3756103515625, -93.430450439453125, 182.44447326660156 ],
		"Pupil": [ 99.070281982421875, -93.893890380859375, 182.49174499511719 ],
		"EyeCornerOuter": [ 99.874855041503906, -94.901252746582031, 182.44218444824219 ],
		"EyeCornerOuter1": [ 99.656211853027344, -94.917198181152344, 182.58387756347656 ],
		"EyeCornerOuter2": [ 99.753242492675781, -94.906135559082031, 182.27310180664062 ],
		"EyeCornerInner": [ 99.000495910644531, -92.133247375488281, 182.18272399902344 ],
		"EyeCornerInner2": [ 98.893951416015625, -92.453224182128906, 182.13923645019531 ],
		"EyeCornerInner1": [ 99.004920959472656, -92.29083251953125, 182.33235168457031 ],
		"EyelidLower2": [ 98.719985961914062, -93.714401245117188, 182.01057434082031 ],
		"EyelidLower3": [ 99.065757751464844, -94.514678955078125, 182.1632080078125 ],
		"EyelidLower1": [ 98.745094299316406, -92.958488464355469, 182.05091857910156 ],
		"EyelidUpper1": [ 98.785377502441406, -92.926300048828125, 183.03810119628906 ],
		"EyelidUpper2": [ 98.743133544921875, -93.757659912109375, 183.2591552734375 ],
		"EyelidUpper3": [ 99.116348266601562, -94.616424560546875, 183.09329223632812 ]
	}
}