{
	"Camera":
	{
		"ViewProjection": [
			[ -0.27979105710983276, -0.35824006795883179, 0, 0.92371141910552979 ],
			[ 0.90367382764816284, -0.14892129600048065, 0, 0.3151191771030426 ],
			[ 0.019810650497674942, 1.7331966161727905, 0, 0.21784700453281403 ],
			[ 108.77059936523438, -294.6881103515625, 1, -98.746383666992188 ]
		]
	},
	"Overall":
	{
		"Side": "right",
		"GazeWorld": [ -0.86423057317733765, -0.495880126953125, -0.084901683032512665 ],
		"GazeImage": [ -0.92554695620567673, -0.3786328457205041 ]
	},
	"Parameters":
	{
		"EyeBlink": 0.29699999999999999,
		"EyeLookDown": 0.13800000000000001,
		"EyeLookIn": 0.183,
		"EyeLookOut": 0.85899999999999999,
		"EyeLookUp": 0,
		"EyeSquint": 0.13100000000000001,
		"EyeWide": 0.19500000000000001
	},
	"Keypoints":
	{
		"PupilOffset": [ 98.953216552734375, -94.285026550292969, 182.30206298828125 ],
		"Eye": [ 100.34896850585938, -93.389480590820312, 182.53677368164062 ],
		"Pupil": [ 99.198867797851562, -94.132545471191406, 182.32667541503906 ],
		"EyeCornerOuter": [ 99.909507751464844, -94.872840881347656, 182.11276245117188 ],
		"EyeCornerOuter1": [ 99.607780456542969, -94.874809265136719, 182.26663208007812 ],
		"EyeCornerOuter2": [ 99.933158874511719, -94.834754943847656, 181.9730224609375 ],
		"EyeCornerInner": [ 98.883110046386719, -92.202613830566406, 182.0535888671875 ],
		"EyeCornerInner2": [ 98.870864868164062, -92.497428894042969, 181.93507385253906 ],
		"EyeCornerInner1": [ 98.821235656738281, -92.393020629882812, 182.26145935058594 ],
		"EyelidLower2": [ 98.866218566894531, -93.769157409667969, 181.81842041015625 ],
		"EyelidLower3": [ 99.174079895019531, -94.597640991210938, 181.97251892089844 ],
		"EyelidLower1": [ 98.812278747558594, -93.006523132324219, 181.86576843261719 ],
		"EyelidUpper1": [ 98.677986145019531, -92.917716979980469, 182.542724609375 ],
		"EyelidUpper2": [ 98.620712280273438, -93.784683227539062, 182.67782592773438 ],
		"EyelidUpper3": [ 98.979843139648438, -94.677406311035156, 182.56324768066406 ]
	}
}