{
	"Camera":
	{
		"ViewProjection": [
			[ 0.30169364809989929, 0.48185011744499207, 0, 0.91795444488525391 ],
			[ 0.88590133190155029, -0.4248507022857666, 0, -0.2267768532037735 ],
			[ 0.13950416445732117, 1.6558399200439453, 0, -0.3254719078540802 ],
			[ 20.737506866455078, -386.22555541992188, 1, -47.402927398681641 ]
		]
	},
	"Overall":
	{
		"Side": "left",
		"GazeWorld": [ -0.99910920858383179, 0.042196329683065414, -3.7550926208496094e-06 ],
		"GazeImage": [ -0.86092652821431559, 0.50872931212664096 ]
	},
	"Parameters":
	{
		"EyeBlink": 0,
		"EyeLookDown": 0,
		"EyeLookIn": 0,
		"EyeLookOut": 0.057000000000000002,
		"EyeLookUp": 0,
		"EyeSquint": 0.88100000000000001,
		"EyeWide": 0
	},
	"Keypoints":
	{
		"PupilOffset": [ 98.824516296386719, -86.293121337890625, 182.38946533203125 ],
		"EyelidLower2": [ 98.749740600585938, -86.396263122558594, 182.03529357910156 ],
		"EyelidLower1": [ 98.966629028320312, -87.18914794921875, 182.10307312011719 ],
		"EyelidLower3": [ 99.03338623046875, -85.601676940917969, 182.13479614257812 ],
		"EyeCornerOuter": [ 99.636322021484375, -85.095046997070312, 182.26992797851562 ],
		"EyeCornerOuter2": [ 99.567596435546875, -85.10137939453125, 182.23078918457031 ],
		"EyeCornerOuter1": [ 99.498672485351562, -84.968719482421875, 182.32293701171875 ],
		"EyeCornerInner": [ 99.1915283203125, -87.860214233398438, 182.13554382324219 ],
		"EyeCornerInner1": [ 99.179458618164062, -87.742721557617188, 182.28958129882812 ],
		"EyeCornerInner2": [ 99.129867553710938, -87.651138305664062, 182.1207275390625 ],
		"Eye": [ 100.47467041015625, -86.458938598632812, 182.46273803710938 ],
		"Pupil": [ 99.113838195800781, -86.315345764160156, 182.38946533203125 ],
		"EyelidUpper2": [ 98.768577575683594, -86.264533996582031, 182.96429443359375 ],
		"EyelidUpper3": [ 99.044631958007812, -85.388938903808594, 182.76138305664062 ],
		"EyelidUpper1": [ 98.8887939453125, -87.090324401855469, 182.70051574707031 ]
	}
}