{
	"Camera":
	{
		"ViewProjection": [
			[ -0.067447751760482788, -0.099787048995494843, 0, 0.99305105209350586 ],
			[ 0.93830710649490356, 0.18388445675373077, 0, 0.10887195914983749 ],
			[ -0.10164796561002731, 1.763721227645874, 0, 0.044682279229164124 ],
			[ 113.06334686279297, -294.71087646484375, 1, -93.148735046386719 ]
		]
	},
	"Overall":
	{
		"Side": "right",
		"GazeWorld": [ -0.9760892391204834, -3.0848808819428086e-05, 0.21737003326416016 ],
		"GazeImage": [ 0.23162052730603974, -0.97280621468536688 ]
	},
	"Parameters":
	{
		"EyeBlink": 0,
		"EyeLookDown": 0,
		"EyeLookIn": 0,
		"EyeLookOut": 0,
		"EyeLookUp": 0.41699999999999998,
		"EyeSquint": 0,
		"EyeWide": 0.012
	},
	"Keypoints":
	{
		"PupilOffset": [ 98.739051818847656, -93.540924072265625, 182.63945007324219 ],
		"Eye": [ 100.39071655273438, -93.457054138183594, 182.36827087402344 ],
		"Pupil": [ 99.022117614746094, -93.530914306640625, 182.576416015625 ],
		"EyeCornerOuter": [ 99.93414306640625, -94.969818115234375, 182.41059875488281 ],
		"EyeCornerOuter1": [ 99.613983154296875, -94.943893432617188, 182.51260375976562 ],
		"EyeCornerOuter2": [ 99.776199340820312, -95.022201538085938, 182.28823852539062 ],
		"EyeCornerInner": [ 99.082489013671875, -92.093170166015625, 182.08697509765625 ],
		"EyeCornerInner2": [ 98.951522827148438, -92.440345764160156, 182.01115417480469 ],
		"EyeCornerInner1": [ 99.064529418945312, -92.26708984375, 182.29133605957031 ],
		"EyelidLower2": [ 98.773162841796875, -93.716506958007812, 181.91203308105469 ],
		"EyelidLower3": [ 99.146369934082031, -94.535888671875, 182.08084106445312 ],
		"EyelidLower1": [ 98.790260314941406, -92.934288024902344, 181.97087097167969 ],
		"EyelidUpper1": [ 98.854331970214844, -92.859115600585938, 182.90907287597656 ],
		"EyelidUpper2": [ 98.776145935058594, -93.697990417480469, 183.14254760742188 ],
		"EyelidUpper3": [ 99.168937683105469, -94.597190856933594, 182.9365234375 ]
	}
}