{
	"Camera":
	{
		"ViewProjection": [
			[ 0.090639278292655945, 0.035686768591403961, 0, 0.99777513742446899 ],
			[ 0.94123744964599609, 0.060723744332790375, 0, -0.064188286662101746 ],
			[ -0.034033138304948807, 1.7746895551681519, 0, -0.018017971888184547 ],
			[ 78.268081665039062, -322.21734619140625, 1, -97.767829895019531 ]
		]
	},
	"Overall":
	{
		"Side": "left",
		"GazeWorld": [ -0.99837547540664673, 0.0015350292669609189, 0.05695652961730957 ],
		"GazeImage": [ -0.98639392383214375, -0.16439898730535729 ]
	},
	"Parameters":
	{
		"EyeBlink": 0.086999999999999994,
		"EyeLookDown": 0,
		"EyeLookIn": 0,
		"EyeLookOut": 0,
		"EyeLookUp": 0.10299999999999999,
		"EyeSquint": 0,
		"EyeWide": 0.029999999999999999
	},
	"Keypoints":
	{
		"PupilOffset": [ 98.820625305175781, -86.355155944824219, 182.4608154296875 ],
		"EyelidLower2": [ 98.949813842773438, -86.241813659667969, 181.74282836914062 ],
		"EyelidLower1": [ 99.006034851074219, -87.077301025390625, 181.83560180664062 ],
		"EyelidLower3": [ 99.280082702636719, -85.425125122070312, 181.88926696777344 ],
		"EyeCornerOuter": [ 99.889091491699219, -84.971343994140625, 182.25337219238281 ],
		"EyeCornerOuter2": [ 99.838714599609375, -84.942230224609375, 182.16171264648438 ],
		"EyeCornerOuter1": [ 99.653564453125, -84.959365844726562, 182.36862182617188 ],
		"EyeCornerInner": [ 99.22314453125, -87.861053466796875, 182.02330017089844 ],
		"EyeCornerInner1": [ 99.181976318359375, -87.735862731933594, 182.21321105957031 ],
		"EyeCornerInner2": [ 99.177536010742188, -87.601058959960938, 181.92431640625 ],
		"Eye": [ 100.47765350341797, -86.453880310058594, 182.43986511230469 ],
		"Pupil": [ 99.110137939453125, -86.3656005859375, 182.44430541992188 ],
		"EyelidUpper2": [ 98.763221740722656, -86.26953125, 182.97715759277344 ],
		"EyelidUpper3": [ 99.103752136230469, -85.379562377929688, 182.77386474609375 ],
		"EyelidUpper1": [ 98.900260925292969, -87.124031066894531, 182.78785705566406 ]
	}
}