{
	"Camera":
	{
		"ViewProjection": [
			[ 0.096715100109577179, -0.44646176695823669, 0, 0.96532034873962402 ],
			[ 0.91237843036651611, -0.37788194417953491, 0, -0.12663494050502777 ],
			[ 0.23133006691932678, 1.6770094633102417, 0, 0.22829857468605042 ],
			[ 33.856880187988281, -296.98007202148438, 1, -145.19725036621094 ]
		]
	},
	"Overall":
	{
		"Side": "right",
		"GazeWorld": [ -0.98750495910644531, -0.14297902584075928, -0.066264033317565918 ],
		"GazeImage": [ -0.67828010273306583, -0.73480344462748792 ]
	},
	"Parameters":
	{
		"EyeBlink": 0,
		"EyeLookDown": 0.54000000000000004,
		"EyeLookIn": 0,
		"EyeLookOut": 0.19400000000000001,
		"EyeLookUp": 0.58999999999999997,
		"EyeSquint": 0,
		"EyeWide": 0.32500000000000001
	},
	"Keypoints":
	{
		"PupilOffset": [ 98.6690673828125, -93.735916137695312, 182.21469116210938 ],
		"Eye": [ 100.30054473876953, -93.415496826171875, 182.41853332519531 ],
		"Pupil": [ 98.954010009765625, -93.684555053710938, 182.23390197753906 ],
		"EyeCornerOuter": [ 100.08139038085938, -94.827102661132812, 182.17625427246094 ],
		"EyeCornerOuter1": [ 99.697944641113281, -94.80401611328125, 182.27607727050781 ],
		"EyeCornerOuter2": [ 99.968849182128906, -94.875709533691406, 182.03555297851562 ],
		"EyeCornerInner": [ 99.022590637207031, -92.124778747558594, 181.94863891601562 ],
		"EyeCornerInner2": [ 98.972763061523438, -92.447265625, 181.85166931152344 ],
		"EyeCornerInner1": [ 98.985450744628906, -92.334114074707031, 182.1236572265625 ],
		"EyelidLower2": [ 98.911354064941406, -93.828590393066406, 181.59977722167969 ],
		"EyelidLower3": [ 99.357879638671875, -94.643699645996094, 181.82411193847656 ],
		"EyelidLower1": [ 98.833366394042969, -93.024383544921875, 181.69651794433594 ],
		"EyelidUpper1": [ 98.651557922363281, -92.959686279296875, 182.67820739746094 ],
		"EyelidUpper2": [ 98.605667114257812, -93.807868957519531, 182.77914428710938 ],
		"EyelidUpper3": [ 99.120140075683594, -94.645423889160156, 182.62306213378906 ]
	}
}