{
	"Camera":
	{
		"ViewProjection": [
			[ 0.2422327995300293, 0.20126973092556, 0, 0.96777814626693726 ],
			[ 0.89812827110290527, -0.38629975914955139, 0, -0.19656279683113098 ],
			[ 0.17317739129066467, 1.7218438386917114, 0, -0.15737974643707275 ],
			[ 28.359441757202148, -370.08944702148438, 1, -82.629310607910156 ]
		]
	},
	"Overall":
	{
		"Side": "right",
		"GazeWorld": [ -0.98134821653366089, -0.17849685251712799, -0.071376383304595947 ],
		"GazeImage": [ -0.97014250014533188, 0.24253562503633297 ]
	},
	"Parameters":
	{
		"EyeBlink": 0.156,
		"EyeLookDown": 0.112,
		"EyeLookIn": 0.72599999999999998,
		"EyeLookOut": 0.88400000000000001,
		"EyeLookUp": 0,
		"EyeSquint": 0,
		"EyeWide": 0
	},
	"Keypoints":
	{
		"PupilOffset": [ 98.732391357421875, -93.762664794921875, 182.31591796875 ],
		"Eye": [ 100.34963226318359, -93.383865356445312, 182.52821350097656 ],
		"Pupil": [ 99.015190124511719, -93.701065063476562, 182.33660888671875 ],
		"EyeCornerOuter": [ 99.973495483398438, -94.915725708007812, 182.13554382324219 ],
		"EyeCornerOuter1": [ 99.677154541015625, -94.896453857421875, 182.32315063476562 ],
		"EyeCornerOuter2": [ 99.987640380859375, -94.846282958984375, 181.94554138183594 ],
		"EyeCornerInner": [ 98.955245971679688, -92.072074890136719, 182.09317016601562 ],
		"EyeCornerInner2": [ 98.9283447265625, -92.418235778808594, 181.96037292480469 ],
		"EyeCornerInner1": [ 98.925186157226562, -92.318267822265625, 182.33175659179688 ],
		"EyelidLower2": [ 98.94354248046875, -93.754898071289062, 181.7484130859375 ],
		"EyelidLower3": [ 99.144691467285156, -94.576324462890625, 181.89935302734375 ],
		"EyelidLower1": [ 98.8319091796875, -92.96337890625, 181.75376892089844 ],
		"EyelidUpper1": [ 98.6988525390625, -92.837173461914062, 182.66188049316406 ],
		"EyelidUpper2": [ 98.68231201171875, -93.713020324707031, 182.77629089355469 ],
		"EyelidUpper3": [ 99.012100219726562, -94.686203002929688, 182.64288330078125 ]
	}
}