{
	"Camera":
	{
		"ViewProjection": [
			[ 0.33068647980690002, -0.32541707158088684, 0, 0.92971277236938477 ],
			[ 0.85542845726013184, -0.34024804830551147, 0, -0.3525623083114624 ],
			[ 0.23278814554214478, 1.7125475406646729, 0, 0.10646073520183563 ],
			[ -1.5076816082000732, -309.09213256835938, 1, -139.1563720703125 ]
		]
	},
	"Overall":
	{
		"Side": "left",
		"GazeWorld": [ -0.93672120571136475, -0.06472313404083252, -0.34404072165489197 ],
		"GazeImage": [ -0.9557790087219501, 0.29408584883752309 ]
	},
	"Parameters":
	{
		"EyeBlink": 0.107,
		"EyeLookDown": 0.51500000000000001,
		"EyeLookIn": 0.108,
		"EyeLookOut": 0,
		"EyeLookUp": 0.0089999999999999993,
		"EyeSquint": 0.099000000000000005,
		"EyeWide": 0
	},
	"Keypoints":
	{
		"PupilOffset": [ 98.94305419921875, -86.494514465332031, 181.88723754882812 ],
		"EyelidLower2": [ 98.937957763671875, -86.335990905761719, 181.61799621582031 ],
		"EyelidLower1": [ 99.083274841308594, -87.116691589355469, 181.71354675292969 ],
		"EyelidLower3": [ 99.307411193847656, -85.542823791503906, 181.77078247070312 ],
		"EyeCornerOuter": [ 99.769187927246094, -85.254287719726562, 181.83767700195312 ],
		"EyeCornerOuter2": [ 99.722488403320312, -85.149200439453125, 181.7969970703125 ],
		"EyeCornerOuter1": [ 99.470848083496094, -85.1837158203125, 181.93006896972656 ],
		"EyeCornerInner": [ 99.223991394042969, -87.827377319335938, 181.84193420410156 ],
		"EyeCornerInner1": [ 99.137657165527344, -87.695465087890625, 182.08320617675781 ],
		"EyeCornerInner2": [ 99.307769775390625, -87.616744995117188, 181.72503662109375 ],
		"Eye": [ 100.4754638671875, -86.485336303710938, 182.52432250976562 ],
		"Pupil": [ 99.21539306640625, -86.4857177734375, 181.98699951171875 ],
		"EyelidUpper2": [ 98.721588134765625, -86.348434448242188, 182.34841918945312 ],
		"EyelidUpper3": [ 99.04541015625, -85.488876342773438, 182.19390869140625 ],
		"EyelidUpper1": [ 98.892578125, -87.171524047851562, 182.24861145019531 ]
	}
}