{
	"Camera":
	{
		"ViewProjection": [
			[ -0.0029834024608135223, -0.1338365226984024, 0, 0.99653828144073486 ],
			[ 0.942496657371521, -0.15695011615753174, 0, 0.028736365959048271 ],
			[ 0.083623453974723816, 1.764068603515625, 0, 0.078010976314544678 ],
			[ 66.216163635253906, -322.17156982421875, 1, -107.2686767578125 ]
		]
	},
	"Overall":
	{
		"Side": "left",
		"GazeWorld": [ -0.99564403295516968, 0.025710534304380417, 0.089620023965835571 ],
		"GazeImage": [ -0.242535625036333, -0.97014250014533199 ]
	},
	"Parameters":
	{
		"EyeBlink": 0.74299999999999999,
		"EyeLookDown": 0,
		"EyeLookIn": 0,
		"EyeLookOut": 0.017000000000000001,
		"EyeLookUp": 0.121,
		"EyeSquint": 0.20999999999999999,
		"EyeWide": 0.23100000000000001
	},
	"Keypoints":
	{
		"PupilOffset": [ 98.850128173828125, -86.316604614257812, 182.51272583007812 ],
		"EyelidLower2": [ 98.906707763671875, -86.377281188964844, 181.82914733886719 ],
		"EyelidLower1": [ 99.049957275390625, -87.192214965820312, 181.921142578125 ],
		"EyelidLower3": [ 99.17230224609375, -85.559585571289062, 181.93943786621094 ],
		"EyeCornerOuter": [ 99.741188049316406, -85.115554809570312, 182.04716491699219 ],
		"EyeCornerOuter2": [ 99.706748962402344, -85.095954895019531, 181.99913024902344 ],
		"EyeCornerOuter1": [ 99.464256286621094, -85.070343017578125, 182.11451721191406 ],
		"EyeCornerInner": [ 99.167152404785156, -87.880561828613281, 182.04147338867188 ],
		"EyeCornerInner1": [ 99.066474914550781, -87.751785278320312, 182.199951171875 ],
		"EyeCornerInner2": [ 99.202194213867188, -87.643852233886719, 181.98007202148438 ],
		"Eye": [ 100.502685546875, -86.455390930175781, 182.43760681152344 ],
		"Pupil": [ 99.13861083984375, -86.334060668945312, 182.48674011230469 ],
		"EyelidUpper2": [ 98.780471801757812, -86.3795166015625, 182.44520568847656 ],
		"EyelidUpper3": [ 99.07037353515625, -85.5841064453125, 182.31689453125 ],
		"EyelidUpper1": [ 99.039390563964844, -87.181198120117188, 182.27203369140625 ]
	}
}