{
	"Camera":
	{
		"ViewProjection": [
			[ -0.20070561766624451, -0.0071379905566573143, 0, 0.969856858253479 ],
			[ 0.92438280582427979, 0.042888026684522629, 0, 0.24366599321365356 ],
			[ -0.023139679804444313, 1.7755542993545532, 0, -0.0021369173191487789 ],
			[ 110.68447875976562, -319.284423828125, 1, -69.798431396484375 ]
		]
	},
	"Overall":
	{
		"Side": "right",
		"GazeWorld": [ -0.90712869167327881, -4.4906148104928434e-05, -0.4208531379699707 ],
		"GazeImage": [ 0.41750017155071123, 0.90867684396331272 ]
	},
	"Parameters":
	{
		"EyeBlink": 0.0030000000000000001,
		"EyeLookDown": 0.623,
		"EyeLookIn": 0,
		"EyeLookOut": 0,
		"EyeLookUp": 0,
		"EyeSquint": 0.60899999999999999,
		"EyeWide": 0.42699999999999999
	},
	"Keypoints":
	{
		"PupilOffset": [ 98.826927185058594, -93.511520385742188, 181.78591918945312 ],
		"Eye": [ 100.30380249023438, -93.427627563476562, 182.57260131835938 ],
		"Pupil": [ 99.089996337890625, -93.501510620117188, 181.90797424316406 ],
		"EyeCornerOuter": [ 99.77142333984375, -94.72796630859375, 181.97494506835938 ],
		"EyeCornerOuter1": [ 99.499542236328125, -94.812995910644531, 182.05735778808594 ],
		"EyeCornerOuter2": [ 99.627189636230469, -94.738273620605469, 181.88441467285156 ],
		"EyeCornerInner": [ 99.094802856445312, -92.077529907226562, 181.96987915039062 ],
		"EyeCornerInner2": [ 99.129959106445312, -92.357925415039062, 181.92695617675781 ],
		"EyeCornerInner1": [ 99.064125061035156, -92.279518127441406, 182.09548950195312 ],
		"EyelidLower2": [ 98.849708557128906, -93.71826171875, 181.58111572265625 ],
		"EyelidLower3": [ 99.28570556640625, -94.484748840332031, 181.78414916992188 ],
		"EyelidLower1": [ 98.869613647460938, -92.930313110351562, 181.70878601074219 ],
		"EyelidUpper1": [ 98.552482604980469, -92.874481201171875, 182.31478881835938 ],
		"EyelidUpper2": [ 98.494094848632812, -93.69183349609375, 182.36004638671875 ],
		"EyelidUpper3": [ 98.9595947265625, -94.516639709472656, 182.28439331054688 ]
	}
}