{
	"Camera":
	{
		"ViewProjection": [
			[ 0.19333344697952271, -0.11916612833738327, 0, 0.98271441459655762 ],
			[ 0.91642302274703979, -0.23271681368350983, 0, -0.18014964461326599 ],
			[ 0.13450939953327179, 1.7567373514175415, 0, 0.042644806206226349 ],
			[ 42.049007415771484, -330.41818237304688, 1, -119.56314086914062 ]
		]
	},
	"Overall":
	{
		"Side": "right",
		"GazeWorld": [ -0.95544159412384033, -0.29514285922050476, 0.004696190357208252 ],
		"GazeImage": [ -0.96152394764082316, -0.27472112789737807 ]
	},
	"Parameters":
	{
		"EyeBlink": 0.12,
		"EyeLookDown": 0,
		"EyeLookIn": 0,
		"EyeLookOut": 0.40200000000000002,
		"EyeLookUp": 0,
		"EyeSquint": 0.26300000000000001,
		"EyeWide": 0.66000000000000003
	},
	"Keypoints":
	{
		"PupilOffset": [ 98.80950927734375, -94.00286865234375, 182.40878295898438 ],
		"Eye": [ 100.38196563720703, -93.430450439453125, 182.49447631835938 ],
		"Pupil": [ 99.083633422851562, -93.907722473144531, 182.40742492675781 ],
		"EyeCornerOuter": [ 99.929046630859375, -94.94598388671875, 182.34646606445312 ],
		"EyeCornerOuter1": [ 99.709243774414062, -94.963394165039062, 182.49270629882812 ],
		"EyeCornerOuter2": [ 99.819320678710938, -94.915679931640625, 182.17317199707031 ],
		"EyeCornerInner": [ 99.018600463867188, -92.1297607421875, 182.09463500976562 ],
		"EyeCornerInner2": [ 98.942306518554688, -92.455673217773438, 182.01705932617188 ],
		"EyeCornerInner1": [ 98.995132446289062, -92.297111511230469, 182.25425720214844 ],
		"EyelidLower2": [ 98.823272705078125, -93.738121032714844, 181.8460693359375 ],
		"EyelidLower3": [ 99.159324645996094, -94.543136596679688, 181.99330139160156 ],
		"EyelidLower1": [ 98.8121337890625, -92.969741821289062, 181.90943908691406 ],
		"EyelidUpper1": [ 98.731285095214844, -92.912063598632812, 182.91706848144531 ],
		"EyelidUpper2": [ 98.671257019042969, -93.746932983398438, 183.12419128417969 ],
		"EyelidUpper3": [ 99.048660278320312, -94.60235595703125, 182.99908447265625 ]
	}
}