{
	"Camera":
	{
		"ViewProjection": [
			[ 0.041290495544672012, 0.47003942728042603, 0, 0.96422511339187622 ],
			[ 0.94389504194259644, -0.11393286287784576, 0, 0.0047549991868436337 ],
			[ 0.051565863192081451, 1.7089664936065674, 0, -0.26504248380661011 ],
			[ 67.709930419921875, -368.353271484375, 1, -43.879005432128906 ]
		]
	},
	"Overall":
	{
		"Side": "left",
		"GazeWorld": [ -0.97510063648223877, 0.20496320724487305, 0.084668517112731934 ],
		"GazeImage": [ 0.53687549219315922, 0.84366148773210747 ]
	},
	"Parameters":
	{
		"EyeBlink": 0,
		"EyeLookDown": 0,
		"EyeLookIn": 0.114,
		"EyeLookOut": 0.38100000000000001,
		"EyeLookUp": 0.16200000000000001,
		"EyeSquint": 0,
		"EyeWide": 0.040000000000000001
	},
	"Keypoints":
	{
		"PupilOffset": [ 98.878105163574219, -86.054885864257812, 182.52110290527344 ],
		"EyelidLower2": [ 98.978340148925781, -86.206962585449219, 181.76371765136719 ],
		"EyelidLower1": [ 98.971786499023438, -87.040451049804688, 181.83395385742188 ],
		"EyelidLower3": [ 99.313377380371094, -85.379951477050781, 181.89042663574219 ],
		"EyeCornerOuter": [ 100.04221343994141, -84.97552490234375, 182.31851196289062 ],
		"EyeCornerOuter2": [ 99.989204406738281, -84.9774169921875, 182.18620300292969 ],
		"EyeCornerOuter1": [ 99.781600952148438, -84.977493286132812, 182.4697265625 ],
		"EyeCornerInner": [ 99.178184509277344, -87.867355346679688, 182.06486511230469 ],
		"EyeCornerInner1": [ 99.133819580078125, -87.72711181640625, 182.27137756347656 ],
		"EyeCornerInner2": [ 99.115074157714844, -87.590576171875, 181.95123291015625 ],
		"Eye": [ 100.47854614257812, -86.488876342773438, 182.45420837402344 ],
		"Pupil": [ 99.158828735351562, -86.124107360839844, 182.49655151367188 ],
		"EyelidUpper2": [ 98.825492858886719, -86.198554992675781, 183.09046936035156 ],
		"EyelidUpper3": [ 99.150726318359375, -85.298835754394531, 182.90165710449219 ],
		"EyelidUpper1": [ 98.896873474121094, -87.033737182617188, 182.84078979492188 ]
	}
}