{
	"Camera":
	{
		"ViewProjection": [
			[ -0.21689733862876892, 0.42634779214859009, 0, 0.93535643815994263 ],
			[ 0.88779211044311523, 0.55486214160919189, 0, 0.17875586450099945 ],
			[ -0.24511674046516418, 1.632433295249939, 0, -0.30521228909492493 ],
			[ 142.95323181152344, -291.99832153320312, 1, -17.750577926635742 ]
		]
	},
	"Overall":
	{
		"Side": "left",
		"GazeWorld": [ -0.99925446510314941, 0.038607120513916016, -5.9604644775390625e-06 ],
		"GazeImage": [ 0.78086880944303039, 0.62469504755442429 ]
	},
	"Parameters":
	{
		"EyeBlink": 0,
		"EyeLookDown": 0,
		"EyeLookIn": 0.073999999999999996,
		"EyeLookOut": 0.11799999999999999,
		"EyeLookUp": 0,
		"EyeSquint": 0,
		"EyeWide": 0.68600000000000005
	},
	"Keypoints":
	{
		"PupilOffset": [ 98.82476806640625, -86.305274963378906, 182.393310546875 ],
		"EyelidLower2": [ 98.997444152832031, -86.208274841308594, 181.70071411132812 ],
		"EyelidLower1": [ 99.012519836425781, -87.05126953125, 181.780029296875 ],
		"EyelidLower3": [ 99.323577880859375, -85.389427185058594, 181.85929870605469 ],
		"EyeCornerOuter": [ 99.94036865234375, -84.956382751464844, 182.34402465820312 ],
		"EyeCornerOuter2": [ 99.905166625976562, -84.919769287109375, 182.17044067382812 ],
		"EyeCornerOuter1": [ 99.699371337890625, -84.982162475585938, 182.53340148925781 ],
		"EyeCornerInner": [ 99.245216369628906, -87.872909545898438, 182.025634765625 ],
		"EyeCornerInner1": [ 99.219879150390625, -87.72723388671875, 182.20150756835938 ],
		"EyeCornerInner2": [ 99.191207885742188, -87.590934753417969, 181.92597961425781 ],
		"Eye": [ 100.47538757324219, -86.465179443359375, 182.46658325195312 ],
		"Pupil": [ 99.114166259765625, -86.326461791992188, 182.393310546875 ],
		"EyelidUpper2": [ 98.82012939453125, -86.263671875, 183.260009765625 ],
		"EyelidUpper3": [ 99.13287353515625, -85.377006530761719, 183.07083129882812 ],
		"EyelidUpper1": [ 98.874595642089844, -87.086585998535156, 183.05271911621094 ]
	}
}