{
	"Camera":
	{
		"ViewProjection": [
			[ 0.30073118209838867, -0.39134147763252258, 0, 0.93203055858612061 ],
			[ 0.87913888692855835, -0.21578477323055267, 0, -0.31896272301673889 ],
			[ 0.17882201075553894, 1.7189450263977051, 0, 0.17199395596981049 ],
			[ 19.930412292480469, -294.74667358398438, 1, -150.7293701171875 ]
		]
	},
	"Overall":
	{
		"Side": "right",
		"GazeWorld": [ -0.87505859136581421, 0.13335986435413361, -0.46528232097625732 ],
		"GazeImage": [ -0.29639921487245291, 0.95506413681123714 ]
	},
	"Parameters":
	{
		"EyeBlink": 0,
		"EyeLookDown": 0.69399999999999995,
		"EyeLookIn": 0.23000000000000001,
		"EyeLookOut": 0,
		"EyeLookUp": 0,
		"EyeSquint": 0,
		"EyeWide": 0
	},
	"Keypoints":
	{
		"PupilOffset": [ 98.862312316894531, -93.288917541503906, 181.72271728515625 ],
		"Eye": [ 100.29456329345703, -93.421875, 182.58140563964844 ],
		"Pupil": [ 99.117584228515625, -93.317703247070312, 181.85765075683594 ],
		"EyeCornerOuter": [ 99.995063781738281, -94.84368896484375, 181.87380981445312 ],
		"EyeCornerOuter1": [ 99.64910888671875, -94.861846923828125, 181.95556640625 ],
		"EyeCornerOuter2": [ 99.876754760742188, -94.847946166992188, 181.75868225097656 ],
		"EyeCornerInner": [ 99.156990051269531, -92.034156799316406, 181.78178405761719 ],
		"EyeCornerInner2": [ 99.212631225585938, -92.3463134765625, 181.68040466308594 ],
		"EyeCornerInner1": [ 99.101387023925781, -92.287384033203125, 181.96200561523438 ],
		"EyelidLower2": [ 99.120582580566406, -93.728050231933594, 181.32392883300781 ],
		"EyelidLower3": [ 99.519180297851562, -94.533050537109375, 181.55691528320312 ],
		"EyelidLower1": [ 99.038284301757812, -92.903633117675781, 181.45040893554688 ],
		"EyelidUpper1": [ 98.617301940917969, -92.824066162109375, 182.21530151367188 ],
		"EyelidUpper2": [ 98.578536987304688, -93.666397094726562, 182.20808410644531 ],
		"EyelidUpper3": [ 99.051795959472656, -94.537605285644531, 182.1514892578125 ]
	}
}