{
	"Camera":
	{
		"ViewProjection": [
			[ 0.34993115067481995, 0.44043359160423279, 0, 0.90686279535293579 ],
			[ 0.8775249719619751, -0.071980200707912445, 0, -0.34160187840461731 ],
			[ -0.052914272993803024, 1.7191046476364136, 0, -0.24679596722126007 ],
			[ 50.502719879150391, -363.75234985351562, 1, -71.437225341796875 ]
		]
	},
	"Overall":
	{
		"Side": "left",
		"GazeWorld": [ -0.88681358098983765, -0.46212732791900635, -4.0531158447265625e-06 ],
		"GazeImage": [ -0.97280621468536688, 0.23162052730603974 ]
	},
	"Parameters":
	{
		"EyeBlink": 0,
		"EyeLookDown": 0,
		"EyeLookIn": 0.77700000000000002,
		"EyeLookOut": 0.040000000000000001,
		"EyeLookUp": 0,
		"EyeSquint": 0,
		"EyeWide": 0.042999999999999997
	},
	"Keypoints":
	{
		"PupilOffset": [ 98.962539672851562, -87.144798278808594, 182.38604736328125 ],
		"EyelidLower2": [ 98.967758178710938, -86.339500427246094, 181.75163269042969 ],
		"EyelidLower1": [ 99.014877319335938, -87.197563171386719, 181.78793334960938 ],
		"EyelidLower3": [ 99.218879699707031, -85.485260009765625, 181.88858032226562 ],
		"EyeCornerOuter": [ 99.828109741210938, -84.984214782714844, 182.25251770019531 ],
		"EyeCornerOuter2": [ 99.696388244628906, -84.986778259277344, 182.10198974609375 ],
		"EyeCornerOuter1": [ 99.598602294921875, -85.001007080078125, 182.45213317871094 ],
		"EyeCornerInner": [ 99.273834228515625, -88.024505615234375, 182.09963989257812 ],
		"EyeCornerInner1": [ 99.288833618164062, -87.822860717773438, 182.30140686035156 ],
		"EyeCornerInner2": [ 99.242103576660156, -87.715568542480469, 181.99313354492188 ],
		"Eye": [ 100.47551727294922, -86.466690063476562, 182.45930480957031 ],
		"Pupil": [ 99.224334716796875, -87.019645690917969, 182.38604736328125 ],
		"EyelidUpper2": [ 98.766777038574219, -86.365745544433594, 183.05186462402344 ],
		"EyelidUpper3": [ 99.074554443359375, -85.439460754394531, 182.81787109375 ],
		"EyelidUpper1": [ 98.88665771484375, -87.19183349609375, 182.89134216308594 ]
	}
}