{
	"Camera":
	{
		"ViewProjection": [
			[ -0.192088782787323, -0.096143424510955811, 0, 0.97060203552246094 ],
			[ 0.89889293909072876, -0.44903033971786499, 0, 0.2139633446931839 ],
			[ 0.22448849678039551, 1.7156956195831299, 0, 0.11023303866386414 ],
			[ 62.3018798828125, -345.97576904296875, 1, -92.391067504882812 ]
		]
	},
	"Overall":
	{
		"Side": "right",
		"GazeWorld": [ -0.96550542116165161, -0.23592925071716309, -0.11016559600830078 ],
		"GazeImage": [ -0.70710678118654746, 0.70710678118654746 ]
	},
	"Parameters":
	{
		"EyeBlink": 0,
		"EyeLookDown": 0.159,
		"EyeLookIn": 0.083000000000000004,
		"EyeLookOut": 0.39700000000000002,
		"EyeLookUp": 0,
		"EyeSquint": 0,
		"EyeWide": 0.014
	},
	"Keypoints":
	{
		"PupilOffset": [ 98.771141052246094, -93.894416809082031, 182.24166870117188 ],
		"Eye": [ 100.35459136962891, -93.422042846679688, 182.51837158203125 ],
		"Pupil": [ 99.04876708984375, -93.8162841796875, 182.27362060546875 ],
		"EyeCornerOuter": [ 99.975807189941406, -94.948928833007812, 182.19139099121094 ],
		"EyeCornerOuter1": [ 99.668601989746094, -94.936309814453125, 182.30206298828125 ],
		"EyeCornerOuter2": [ 99.914405822753906, -94.943412780761719, 182.05592346191406 ],
		"EyeCornerInner": [ 99.005165100097656, -92.141830444335938, 182.00396728515625 ],
		"EyeCornerInner2": [ 98.953422546386719, -92.459632873535156, 181.88327026367188 ],
		"EyeCornerInner1": [ 98.972114562988281, -92.334617614746094, 182.212890625 ],
		"EyelidLower2": [ 98.891288757324219, -93.780059814453125, 181.70468139648438 ],
		"EyelidLower3": [ 99.265335083007812, -94.595481872558594, 181.87532043457031 ],
		"EyelidLower1": [ 98.853607177734375, -92.998405456542969, 181.78814697265625 ],
		"EyelidUpper1": [ 98.707931518554688, -92.911933898925781, 182.62054443359375 ],
		"EyelidUpper2": [ 98.638214111328125, -93.7728271484375, 182.79879760742188 ],
		"EyelidUpper3": [ 99.048271179199219, -94.681045532226562, 182.64448547363281 ]
	}
}