{
	"Camera":
	{
		"ViewProjection": [
			[ 0.13212376832962036, -0.19060002267360687, 0, 0.98839157819747925 ],
			[ 0.9360697865486145, 0.10265775769948959, 0, -0.10194069892168045 ],
			[ -0.040230575948953629, 1.7628433704376221, 0, 0.11265083402395248 ],
			[ 81.821815490722656, -293.2215576171875, 1, -125.27609252929688 ]
		]
	},
	"Overall":
	{
		"Side": "right",
		"GazeWorld": [ -0.82762420177459717, 0.39259111881256104, -0.40113618969917297 ],
		"GazeImage": [ 0.75776880235340593, 0.65252313535987727 ]
	},
	"Parameters":
	{
		"EyeBlink": 0.034000000000000002,
		"EyeLookDown": 0.59399999999999997,
		"EyeLookIn": 0.73199999999999998,
		"EyeLookOut": 0.050000000000000003,
		"EyeLookUp": 0,
		"EyeSquint": 0,
		"EyeWide": 0
	},
	"Keypoints":
	{
		"PupilOffset": [ 98.925773620605469, -92.855865478515625, 181.80839538574219 ],
		"Eye": [ 100.31127166748047, -93.418586730957031, 182.56298828125 ],
		"Pupil": [ 99.170074462890625, -92.960685729980469, 181.92472839355469 ],
		"EyeCornerOuter": [ 99.903976440429688, -94.822135925292969, 181.89898681640625 ],
		"EyeCornerOuter1": [ 99.574592590332031, -94.847702026367188, 182.02760314941406 ],
		"EyeCornerOuter2": [ 99.784355163574219, -94.823951721191406, 181.753173828125 ],
		"EyeCornerInner": [ 99.229270935058594, -91.9261474609375, 181.84855651855469 ],
		"EyeCornerInner2": [ 99.277114868164062, -92.273628234863281, 181.72994995117188 ],
		"EyeCornerInner1": [ 99.197425842285156, -92.213493347167969, 182.07069396972656 ],
		"EyelidLower2": [ 99.097549438476562, -93.674972534179688, 181.40005493164062 ],
		"EyelidLower3": [ 99.367568969726562, -94.469779968261719, 181.61459350585938 ],
		"EyelidLower1": [ 99.033287048339844, -92.828948974609375, 181.43586730957031 ],
		"EyelidUpper1": [ 98.630050659179688, -92.761558532714844, 182.30647277832031 ],
		"EyelidUpper2": [ 98.613662719726562, -93.623382568359375, 182.33222961425781 ],
		"EyelidUpper3": [ 99.018310546875, -94.522041320800781, 182.24346923828125 ]
	}
}