{
	"Camera":
	{
		"ViewProjection": [
			[ 0.27513754367828369, -0.42212748527526855, 0, 0.93576467037200928 ],
			[ 0.88721060752868652, 0.46808710694313049, 0, -0.19616183638572693 ],
			[ -0.18016310036182404, 1.660477876663208, 0, 0.29302772879600525 ],
			[ 88.472320556640625, -217.73983764648438, 1, -161.06398010253906 ]
		]
	},
	"Overall":
	{
		"Side": "right",
		"GazeWorld": [ -0.96463745832443237, 0.0045928927138447762, -0.26354017853736877 ],
		"GazeImage": [ -0.82219219164377866, 0.56920997883030833 ]
	},
	"Parameters":
	{
		"EyeBlink": 0.107,
		"EyeLookDown": 0.41699999999999998,
		"EyeLookIn": 0.035999999999999997,
		"EyeLookOut": 0.023,
		"EyeLookUp": 0.037999999999999999,
		"EyeSquint": 0,
		"EyeWide": 0.014999999999999999
	},
	"Keypoints":
	{
		"PupilOffset": [ 98.74920654296875, -93.51220703125, 182.00152587890625 ],
		"Eye": [ 100.33702850341797, -93.435867309570312, 182.53118896484375 ],
		"Pupil": [ 99.028999328613281, -93.5035400390625, 182.07794189453125 ],
		"EyeCornerOuter": [ 99.825279235839844, -94.847587585449219, 182.01300048828125 ],
		"EyeCornerOuter1": [ 99.491439819335938, -94.862510681152344, 182.09327697753906 ],
		"EyeCornerOuter2": [ 99.69805908203125, -94.885963439941406, 181.91795349121094 ],
		"EyeCornerInner": [ 99.092041015625, -92.100326538085938, 181.88902282714844 ],
		"EyeCornerInner2": [ 99.105636596679688, -92.392967224121094, 181.77925109863281 ],
		"EyeCornerInner1": [ 99.034111022949219, -92.3035888671875, 182.08177185058594 ],
		"EyelidLower2": [ 98.894073486328125, -93.729774475097656, 181.59771728515625 ],
		"EyelidLower3": [ 99.333427429199219, -94.540725708007812, 181.80485534667969 ],
		"EyelidLower1": [ 98.90484619140625, -92.941459655761719, 181.70372009277344 ],
		"EyelidUpper1": [ 98.673606872558594, -92.853179931640625, 182.38121032714844 ],
		"EyelidUpper2": [ 98.571220397949219, -93.686996459960938, 182.42669677734375 ],
		"EyelidUpper3": [ 98.997268676757812, -94.543540954589844, 182.32315063476562 ]
	}
}