{
	"Camera":
	{
		"ViewProjection": [
			[ 0.20056262612342834, -0.44707050919532776, 0, 0.95070928335189819 ],
			[ 0.92076629400253296, -0.061650678515434265, 0, -0.19605422019958496 ],
			[ 0.085239261388778687, 1.7177925109863281, 0, 0.24023886024951935 ],
			[ 50.801712036132812, -274.77755737304688, 1, -153.01927185058594 ]
		]
	},
	"Overall":
	{
		"Side": "right",
		"GazeWorld": [ -0.99812561273574829, -0.058145772665739059, 0.019091367721557617 ],
		"GazeImage": [ -0.57346234436332832, -0.81923192051904048 ]
	},
	"Parameters":
	{
		"EyeBlink": 0.16,
		"EyeLookDown": 0,
		"EyeLookIn": 0.28599999999999998,
		"EyeLookOut": 0.32800000000000001,
		"EyeLookUp": 0.024,
		"EyeSquint": 0,
		"EyeWide": 0
	},
	"Keypoints":
	{
		"PupilOffset": [ 98.723808288574219, -93.613616943359375, 182.41996765136719 ],
		"Eye": [ 100.38837432861328, -93.432861328125, 182.48162841796875 ],
		"Pupil": [ 99.012680053710938, -93.586769104003906, 182.4144287109375 ],
		"EyeCornerOuter": [ 99.891311645507812, -94.949317932128906, 182.2291259765625 ],
		"EyeCornerOuter1": [ 99.614372253417969, -94.948272705078125, 182.36636352539062 ],
		"EyeCornerOuter2": [ 99.797019958496094, -94.931076049804688, 182.08563232421875 ],
		"EyeCornerInner": [ 99.051353454589844, -92.074546813964844, 182.06175231933594 ],
		"EyeCornerInner2": [ 98.998344421386719, -92.413726806640625, 181.95094299316406 ],
		"EyeCornerInner1": [ 99.0130615234375, -92.275260925292969, 182.27403259277344 ],
		"EyelidLower2": [ 98.876419067382812, -93.709136962890625, 181.79237365722656 ],
		"EyelidLower3": [ 99.167694091796875, -94.519248962402344, 181.93978881835938 ],
		"EyelidLower1": [ 98.8466796875, -92.92364501953125, 181.84468078613281 ],
		"EyelidUpper1": [ 98.766197204589844, -92.832473754882812, 182.63177490234375 ],
		"EyelidUpper2": [ 98.678489685058594, -93.683036804199219, 182.83934020996094 ],
		"EyelidUpper3": [ 99.018020629882812, -94.59197998046875, 182.69032287597656 ]
	}
}