{
	"Camera":
	{
		"ViewProjection": [
			[ 0.23907451331615448, -0.40627259016036987, 0, 0.94784694910049438 ],
			[ 0.91080033779144287, -0.06914578378200531, 0, -0.23686322569847107 ],
			[ 0.09267079085111618, 1.7276124954223633, 0, 0.21326509118080139 ],
			[ 37.871372222900391, -280.76129150390625, 1, -149.64015197753906 ]
		]
	},
	"Overall":
	{
		"Side": "left",
		"GazeWorld": [ -0.8484649658203125, 0.5292515754699707, 6.9260597229003906e-05 ],
		"GazeImage": [ 0.89442719099991586, -0.44721359549995793 ]
	},
	"Parameters":
	{
		"EyeBlink": 0,
		"EyeLookDown": 0,
		"EyeLookIn": 0,
		"EyeLookOut": 0.754,
		"EyeLookUp": 0,
		"EyeSquint": 0,
		"EyeWide": 0.308
	},
	"Keypoints":
	{
		"PupilOffset": [ 99.127487182617188, -85.564476013183594, 182.43632507324219 ],
		"EyelidLower2": [ 99.063346862792969, -86.147933959960938, 181.69947814941406 ],
		"EyelidLower1": [ 98.989654541015625, -86.97320556640625, 181.77314758300781 ],
		"EyelidLower3": [ 99.428596496582031, -85.326530456542969, 181.81524658203125 ],
		"EyeCornerOuter": [ 100.19671630859375, -84.975906372070312, 182.29643249511719 ],
		"EyeCornerOuter2": [ 100.18815612792969, -85.007553100585938, 182.11984252929688 ],
		"EyeCornerOuter1": [ 99.878982543945312, -84.982650756835938, 182.47930908203125 ],
		"EyeCornerInner": [ 99.144760131835938, -87.822555541992188, 182.0408935546875 ],
		"EyeCornerInner1": [ 99.067604064941406, -87.67950439453125, 182.24969482421875 ],
		"EyeCornerInner2": [ 99.093605041503906, -87.546539306640625, 181.90946960449219 ],
		"Eye": [ 100.48178863525391, -86.520416259765625, 182.50946044921875 ],
		"Pupil": [ 99.368247985839844, -85.7264404296875, 182.43630981445312 ],
		"EyelidUpper2": [ 98.837631225585938, -86.151275634765625, 183.11370849609375 ],
		"EyelidUpper3": [ 99.162948608398438, -85.226799011230469, 182.95706176757812 ],
		"EyelidUpper1": [ 98.872833251953125, -86.992019653320312, 182.85101318359375 ]
	}
}