{
	"Camera":
	{
		"ViewProjection": [
			[ 0.26336702704429626, -0.44331279397010803, 0, 0.9360467791557312 ],
			[ 0.89642125368118286, -0.15553614497184753, 0, -0.27703216671943665 ],
			[ 0.14956101775169373, 1.7128239870071411, 0, 0.21695533394813538 ],
			[ 30.622842788696289, -282.881591796875, 1, -154.81765747070312 ]
		]
	},
	"Overall":
	{
		"Side": "right",
		"GazeWorld": [ -0.99547797441482544, 0.0012803950812667608, -0.094982728362083435 ],
		"GazeImage": [ -0.78631833882242252, -0.61782155193190347 ]
	},
	"Parameters":
	{
		"EyeBlink": 0.26700000000000002,
		"EyeLookDown": 0.14999999999999999,
		"EyeLookIn": 0.0089999999999999993,
		"EyeLookOut": 0,
		"EyeLookUp": 0,
		"EyeSquint": 0.53600000000000003,
		"EyeWide": 0.22
	},
	"Keypoints":
	{
		"PupilOffset": [ 98.7288818359375, -93.533004760742188, 182.24673461914062 ],
		"Eye": [ 100.3837890625, -93.451248168945312, 182.49819946289062 ],
		"Pupil": [ 99.017585754394531, -93.52337646484375, 182.27427673339844 ],
		"EyeCornerOuter": [ 99.73590087890625, -94.806869506835938, 182.16412353515625 ],
		"EyeCornerOuter1": [ 99.499794006347656, -94.882736206054688, 182.260986328125 ],
		"EyeCornerOuter2": [ 99.575149536132812, -94.809295654296875, 182.09017944335938 ],
		"EyeCornerInner": [ 99.10919189453125, -92.075065612792969, 182.09208679199219 ],
		"EyeCornerInner2": [ 99.084182739257812, -92.372467041015625, 182.03782653808594 ],
		"EyeCornerInner1": [ 99.067230224609375, -92.248764038085938, 182.25230407714844 ],
		"EyelidLower2": [ 98.76361083984375, -93.631118774414062, 181.85893249511719 ],
		"EyelidLower3": [ 99.108802795410156, -94.406539916992188, 182.00041198730469 ],
		"EyelidLower1": [ 98.833824157714844, -92.862106323242188, 181.93344116210938 ],
		"EyelidUpper1": [ 98.701866149902344, -92.805458068847656, 182.54888916015625 ],
		"EyelidUpper2": [ 98.572837829589844, -93.614067077636719, 182.69723510742188 ],
		"EyelidUpper3": [ 98.937667846679688, -94.456245422363281, 182.58396911621094 ]
	}
}