{
	"Camera":
	{
		"ViewProjection": [
			[ 0.11059729009866714, -0.09567231684923172, 0, 0.99495607614517212 ],
			[ 0.93166136741638184, 0.24288614094257355, 0, -0.07671058177947998 ],
			[ -0.12278858572244644, 1.7567973136901855, 0, 0.064637511968612671 ],
			[ 98.637054443359375, -288.49090576171875, 1, -113.70024108886719 ]
		]
	},
	"Overall":
	{
		"Side": "right",
		"GazeWorld": [ -0.98192018270492554, -0.18450847268104553, -0.042298614978790283 ],
		"GazeImage": [ -0.98478355881793689, 0.17378533390904768 ]
	},
	"Parameters":
	{
		"EyeBlink": 0,
		"EyeLookDown": 0.10199999999999999,
		"EyeLookIn": 0,
		"EyeLookOut": 0.251,
		"EyeLookUp": 0.055,
		"EyeSquint": 0.25,
		"EyeWide": 0.20300000000000001
	},
	"Keypoints":
	{
		"PupilOffset": [ 98.746833801269531, -93.825080871582031, 182.32513427734375 ],
		"Eye": [ 100.36835479736328, -93.435745239257812, 182.4891357421875 ],
		"Pupil": [ 99.029747009277344, -93.761749267578125, 182.33740234375 ],
		"EyeCornerOuter": [ 99.899787902832031, -94.920425415039062, 182.274658203125 ],
		"EyeCornerOuter1": [ 99.63140869140625, -94.933837890625, 182.38204956054688 ],
		"EyeCornerOuter2": [ 99.791984558105469, -94.924972534179688, 182.14874267578125 ],
		"EyeCornerInner": [ 99.033782958984375, -92.124702453613281, 182.07269287109375 ],
		"EyeCornerInner2": [ 98.962730407714844, -92.440689086914062, 181.99125671386719 ],
		"EyeCornerInner1": [ 99.012847900390625, -92.30029296875, 182.25357055664062 ],
		"EyelidLower2": [ 98.801483154296875, -93.73675537109375, 181.82479858398438 ],
		"EyelidLower3": [ 99.175338745117188, -94.536476135253906, 181.98501586914062 ],
		"EyelidLower1": [ 98.81170654296875, -92.963157653808594, 181.901611328125 ],
		"EyelidUpper1": [ 98.723129272460938, -92.896095275878906, 182.74185180664062 ],
		"EyelidUpper2": [ 98.64459228515625, -93.735610961914062, 182.93246459960938 ],
		"EyelidUpper3": [ 99.042839050292969, -94.623268127441406, 182.77294921875 ]
	}
}