{
	"Camera":
	{
		"ViewProjection": [
			[ 0.058357290923595428, -0.056967899203300476, 0, 0.99905949831008911 ],
			[ 0.92662209272384644, 0.34628763794898987, 0, -0.022570991888642311 ],
			[ -0.18239445984363556, 1.7410696744918823, 0, 0.037025332450866699 ],
			[ 114.22310638427734, -279.75204467773438, 1, -104.44478607177734 ]
		]
	},
	"Overall":
	{
		"Side": "right",
		"GazeWorld": [ -0.99207210540771484, -0.093191519379615784, -0.084309406578540802 ],
		"GazeImage": [ -0.70710678118654757, 0.70710678118654757 ]
	},
	"Parameters":
	{
		"EyeBlink": 0.58899999999999997,
		"EyeLookDown": 0.152,
		"EyeLookIn": 0.105,
		"EyeLookOut": 0.20499999999999999,
		"EyeLookUp": 0,
		"EyeSquint": 0,
		"EyeWide": 0.049000000000000002
	},
	"Keypoints":
	{
		"PupilOffset": [ 98.745429992675781, -93.674026489257812, 182.27384948730469 ],
		"Eye": [ 100.38747406005859, -93.435760498046875, 182.50750732421875 ],
		"Pupil": [ 99.032196044921875, -93.637046813964844, 182.29829406738281 ],
		"EyeCornerOuter": [ 99.704399108886719, -94.788047790527344, 181.98422241210938 ],
		"EyeCornerOuter1": [ 99.395057678222656, -94.838401794433594, 182.10533142089844 ],
		"EyeCornerOuter2": [ 99.610435485839844, -94.795616149902344, 181.90469360351562 ],
		"EyeCornerInner": [ 99.067977905273438, -92.103584289550781, 181.94676208496094 ],
		"EyeCornerInner2": [ 99.111305236816406, -92.397850036621094, 181.83645629882812 ],
		"EyeCornerInner1": [ 98.959930419921875, -92.288864135742188, 182.14598083496094 ],
		"EyelidLower2": [ 98.873481750488281, -93.640235900878906, 181.75628662109375 ],
		"EyelidLower3": [ 99.193771362304688, -94.447029113769531, 181.90220642089844 ],
		"EyelidLower1": [ 98.897567749023438, -92.865798950195312, 181.82371520996094 ],
		"EyelidUpper1": [ 98.808235168457031, -92.790534973144531, 182.23977661132812 ],
		"EyelidUpper2": [ 98.627799987792969, -93.604972839355469, 182.32061767578125 ],
		"EyelidUpper3": [ 98.948173522949219, -94.422409057617188, 182.25398254394531 ]
	}
}