{
	"Camera":
	{
		"ViewProjection": [
			[ 0.23229485750198364, -0.19626568257808685, 0, 0.97053736448287964 ],
			[ 0.8880690336227417, -0.3933911919593811, 0, -0.23410679399967194 ],
			[ 0.22950854897499084, 1.7208156585693359, 0, 0.057019997388124466 ],
			[ 11.598452568054199, -328.14306640625, 1, -124.08622741699219 ]
		]
	},
	"Overall":
	{
		"Side": "left",
		"GazeWorld": [ -0.95309418439865112, 0.30136337876319885, -0.028132973238825798 ],
		"GazeImage": [ 0.70710678118654746, -0.70710678118654746 ]
	},
	"Parameters":
	{
		"EyeBlink": 0.28100000000000003,
		"EyeLookDown": 0.053999999999999999,
		"EyeLookIn": 0,
		"EyeLookOut": 0.40699999999999997,
		"EyeLookUp": 0,
		"EyeSquint": 0,
		"EyeWide": 0
	},
	"Keypoints":
	{
		"PupilOffset": [ 98.941596984863281, -85.904037475585938, 182.37367248535156 ],
		"EyelidLower2": [ 99.001907348632812, -86.240371704101562, 181.71284484863281 ],
		"EyelidLower1": [ 99.025825500488281, -87.060470581054688, 181.80459594726562 ],
		"EyelidLower3": [ 99.345848083496094, -85.423133850097656, 181.83412170410156 ],
		"EyeCornerOuter": [ 99.993843078613281, -85.053512573242188, 182.09306335449219 ],
		"EyeCornerOuter2": [ 99.973663330078125, -85.0489501953125, 182.005859375 ],
		"EyeCornerOuter1": [ 99.67657470703125, -85.030174255371094, 182.19770812988281 ],
		"EyeCornerInner": [ 99.161041259765625, -87.829780578613281, 181.98619079589844 ],
		"EyeCornerInner1": [ 99.066535949707031, -87.6988525390625, 182.18658447265625 ],
		"EyeCornerInner2": [ 99.168739318847656, -87.584022521972656, 181.87254333496094 ],
		"Eye": [ 100.48858642578125, -86.493026733398438, 182.49331665039062 ],
		"Pupil": [ 99.214981079101562, -86.000968933105469, 182.38182067871094 ],
		"EyelidUpper2": [ 98.760284423828125, -86.248077392578125, 182.66896057128906 ],
		"EyelidUpper3": [ 99.090019226074219, -85.3565673828125, 182.51078796386719 ],
		"EyelidUpper1": [ 98.928634643554688, -87.096824645996094, 182.48579406738281 ]
	}
}