{
	"Camera":
	{
		"ViewProjection": [
			[ 0.11602681130170822, 0.40572324395179749, 0, 0.96923476457595825 ],
			[ 0.93316113948822021, -0.24329835176467896, 0, -0.060816451907157898 ],
			[ 0.10511785745620728, 1.7119224071502686, 0, -0.23850633203983307 ],
			[ 49.565597534179688, -373.56005859375, 1, -54.400577545166016 ]
		]
	},
	"Overall":
	{
		"Side": "left",
		"GazeWorld": [ -0.9857022762298584, -0.16820625960826874, -0.0098819732666015625 ],
		"GazeImage": [ -0.91914503001805781, 0.39391929857916763 ]
	},
	"Parameters":
	{
		"EyeBlink": 0,
		"EyeLookDown": 0.13600000000000001,
		"EyeLookIn": 0.25800000000000001,
		"EyeLookOut": 0,
		"EyeLookUp": 0.16200000000000001,
		"EyeSquint": 0,
		"EyeWide": 0.221
	},
	"Keypoints":
	{
		"PupilOffset": [ 98.826835632324219, -86.647811889648438, 182.35635375976562 ],
		"EyelidLower2": [ 98.950645446777344, -86.274833679199219, 181.72029113769531 ],
		"EyelidLower1": [ 99.011024475097656, -87.106864929199219, 181.78794860839844 ],
		"EyelidLower3": [ 99.266609191894531, -85.451492309570312, 181.87149047851562 ],
		"EyeCornerOuter": [ 99.879920959472656, -85.0308837890625, 182.24333190917969 ],
		"EyeCornerOuter2": [ 99.800910949707031, -84.989593505859375, 182.11845397949219 ],
		"EyeCornerOuter1": [ 99.641403198242188, -85.023666381835938, 182.40292358398438 ],
		"EyeCornerInner": [ 99.242958068847656, -87.904296875, 182.01765441894531 ],
		"EyeCornerInner1": [ 99.2220458984375, -87.756996154785156, 182.22021484375 ],
		"EyeCornerInner2": [ 99.208518981933594, -87.630859375, 181.90910339355469 ],
		"Eye": [ 100.47407531738281, -86.464874267578125, 182.44593811035156 ],
		"Pupil": [ 99.114372253417969, -86.60888671875, 182.35922241210938 ],
		"EyelidUpper2": [ 98.772872924804688, -86.296134948730469, 183.01089477539062 ],
		"EyelidUpper3": [ 99.107322692871094, -85.409332275390625, 182.8125 ],
		"EyelidUpper1": [ 98.874992370605469, -87.120307922363281, 182.8258056640625 ]
	}
}