{
	"Camera":
	{
		"ViewProjection": [
			[ -0.24949327111244202, -0.21976828575134277, 0, 0.94762158393859863 ],
			[ 0.91206777095794678, -0.12653855979442596, 0, 0.28755471110343933 ],
			[ 0.0344577357172966, 1.7578891515731812, 0, 0.13901743292808533 ],
			[ 103.87515258789062, -310.88058471679688, 1, -89.365470886230469 ]
		]
	},
	"Overall":
	{
		"Side": "right",
		"GazeWorld": [ -0.90744823217391968, 0.41982230544090271, 0.016940712928771973 ],
		"GazeImage": [ 0.99574067405595024, -0.092198210560736141 ]
	},
	"Parameters":
	{
		"EyeBlink": 0,
		"EyeLookDown": 0.24199999999999999,
		"EyeLookIn": 0.77500000000000002,
		"EyeLookOut": 0.10100000000000001,
		"EyeLookUp": 0.35299999999999998,
		"EyeSquint": 0,
		"EyeWide": 0
	},
	"Keypoints":
	{
		"PupilOffset": [ 98.802803039550781, -92.806243896484375, 182.35441589355469 ],
		"Eye": [ 100.35577392578125, -93.430694580078125, 182.41970825195312 ],
		"Pupil": [ 99.070159912109375, -92.918914794921875, 182.34950256347656 ],
		"EyeCornerOuter": [ 99.94561767578125, -94.9071044921875, 182.22653198242188 ],
		"EyeCornerOuter1": [ 99.65020751953125, -94.89324951171875, 182.40266418457031 ],
		"EyeCornerOuter2": [ 99.768516540527344, -94.908836364746094, 182.04692077636719 ],
		"EyeCornerInner": [ 99.208030700683594, -91.931648254394531, 182.09672546386719 ],
		"EyeCornerInner2": [ 99.148521423339844, -92.299613952636719, 181.98553466796875 ],
		"EyeCornerInner1": [ 99.205360412597656, -92.195266723632812, 182.315673828125 ],
		"EyelidLower2": [ 98.910720825195312, -93.695213317871094, 181.7030029296875 ],
		"EyelidLower3": [ 99.158355712890625, -94.496002197265625, 181.89028930664062 ],
		"EyelidLower1": [ 98.855804443359375, -92.866195678710938, 181.70164489746094 ],
		"EyelidUpper1": [ 98.755905151367188, -92.771446228027344, 182.83767700195312 ],
		"EyelidUpper2": [ 98.722808837890625, -93.637344360351562, 182.90126037597656 ],
		"EyelidUpper3": [ 99.087570190429688, -94.575996398925781, 182.72846984863281 ]
	}
}