{
	"Camera":
	{
		"ViewProjection": [
			[ -0.073251888155937195, 0.44627639651298523, 0, 0.96176636219024658 ],
			[ 0.94309514760971069, -0.0064086220227181911, 0, 0.11314241588115692 ],
			[ 0.022527206689119339, 1.719092845916748, 0, -0.24940784275531769 ],
			[ 84.352630615234375, -358.62356567382812, 1, -36.607006072998047 ]
		]
	},
	"Overall":
	{
		"Side": "left",
		"GazeWorld": [ -0.98415207862854004, -0.16198687255382538, 0.07214510440826416 ],
		"GazeImage": [ -0.78631833882242252, 0.61782155193190347 ]
	},
	"Parameters":
	{
		"EyeBlink": 0.18099999999999999,
		"EyeLookDown": 0,
		"EyeLookIn": 0.254,
		"EyeLookOut": 0,
		"EyeLookUp": 0.126,
		"EyeSquint": 0.52100000000000002,
		"EyeWide": 0
	},
	"Keypoints":
	{
		"PupilOffset": [ 98.831428527832031, -86.630470275878906, 182.48103332519531 ],
		"EyelidLower2": [ 98.814796447753906, -86.399284362792969, 181.95217895507812 ],
		"EyelidLower1": [ 98.982048034667969, -87.211509704589844, 182.015625 ],
		"EyelidLower3": [ 99.07281494140625, -85.581741333007812, 182.06291198730469 ],
		"EyeCornerOuter": [ 99.68560791015625, -85.077552795410156, 182.24897766113281 ],
		"EyeCornerOuter2": [ 99.588935852050781, -85.0794677734375, 182.18800354003906 ],
		"EyeCornerOuter1": [ 99.510498046875, -84.99981689453125, 182.336669921875 ],
		"EyeCornerInner": [ 99.205169677734375, -87.922218322753906, 182.13180541992188 ],
		"EyeCornerInner1": [ 99.190444946289062, -87.780067443847656, 182.30012512207031 ],
		"EyeCornerInner2": [ 99.164344787597656, -87.682144165039062, 182.08302307128906 ],
		"Eye": [ 100.48161315917969, -86.456893920898438, 182.43490600585938 ],
		"Pupil": [ 99.118453979492188, -86.593360900878906, 182.46011352539062 ],
		"EyelidUpper2": [ 98.758529663085938, -86.328971862792969, 182.90068054199219 ],
		"EyelidUpper3": [ 99.07635498046875, -85.448883056640625, 182.71049499511719 ],
		"EyelidUpper1": [ 98.917076110839844, -87.156875610351562, 182.68266296386719 ]
	}
}