{
	"Camera":
	{
		"ViewProjection": [
			[ -0.13346217572689056, -0.23136965930461884, 0, 0.97633260488510132 ],
			[ 0.9228132963180542, 0.27003064751625061, 0, 0.19182217121124268 ],
			[ -0.16095113754272461, 1.7401250600814819, 0, 0.099894650280475616 ],
			[ 128.92784118652344, -269.20663452148438, 1, -94.393844604492188 ]
		]
	},
	"Overall":
	{
		"Side": "right",
		"GazeWorld": [ -0.98565655946731567, 0.1649685800075531, -0.03558582067489624 ],
		"GazeImage": [ 0.93499752631778343, -0.35465423412053854 ]
	},
	"Parameters":
	{
		"EyeBlink": 0,
		"EyeLookDown": 0.16600000000000001,
		"EyeLookIn": 0.253,
		"EyeLookOut": 0,
		"EyeLookUp": 0.153,
		"EyeSquint": 0.067000000000000004,
		"EyeWide": 0
	},
	"Keypoints":
	{
		"PupilOffset": [ 98.713096618652344, -93.255599975585938, 182.306396484375 ],
		"Eye": [ 100.37069702148438, -93.447471618652344, 182.459228515625 ],
		"Pupil": [ 99.000587463378906, -93.2935791015625, 182.31671142578125 ],
		"EyeCornerOuter": [ 99.929336547851562, -94.941276550292969, 182.23759460449219 ],
		"EyeCornerOuter1": [ 99.640518188476562, -94.943435668945312, 182.35484313964844 ],
		"EyeCornerOuter2": [ 99.76617431640625, -94.952568054199219, 182.1060791015625 ],
		"EyeCornerInner": [ 99.140434265136719, -92.026229858398438, 182.03097534179688 ],
		"EyeCornerInner2": [ 99.073738098144531, -92.369430541992188, 181.93801879882812 ],
		"EyeCornerInner1": [ 99.119758605957031, -92.23919677734375, 182.22755432128906 ],
		"EyelidLower2": [ 98.879486083984375, -93.714187622070312, 181.70941162109375 ],
		"EyelidLower3": [ 99.217887878417969, -94.513168334960938, 181.88420104980469 ],
		"EyelidLower1": [ 98.859375, -92.910026550292969, 181.7796630859375 ],
		"EyelidUpper1": [ 98.740219116210938, -92.830520629882812, 182.68586730957031 ],
		"EyelidUpper2": [ 98.671630859375, -93.681533813476562, 182.87167358398438 ],
		"EyelidUpper3": [ 99.067848205566406, -94.5787353515625, 182.70309448242188 ]
	}
}