{
	"Camera":
	{
		"ViewProjection": [
			[ 0.16317996382713318, -0.46834084391593933, 0, 0.95419085025787354 ],
			[ 0.9188765287399292, 0.36728069186210632, 0, -0.087535351514816284 ],
			[ -0.15601232647895813, 1.6733933687210083, 0, 0.28610721230506897 ],
			[ 91.2481689453125, -227.50140380859375, 1, -150.62620544433594 ]
		]
	},
	"Overall":
	{
		"Side": "left",
		"GazeWorld": [ -0.91579753160476685, -0.06724962592124939, -0.3959699273109436 ],
		"GazeImage": [ -0.66679485946982575, 0.74524131352509937 ]
	},
	"Parameters":
	{
		"EyeBlink": 0,
		"EyeLookDown": 0.58299999999999996,
		"EyeLookIn": 0.112,
		"EyeLookOut": 0,
		"EyeLookUp": 0,
		"EyeSquint": 0.23599999999999999,
		"EyeWide": 0
	},
	"Keypoints":
	{
		"PupilOffset": [ 98.976539611816406, -86.502365112304688, 181.8134765625 ],
		"EyelidLower2": [ 98.879631042480469, -86.376113891601562, 181.66285705566406 ],
		"EyelidLower1": [ 99.070755004882812, -87.131034851074219, 181.75093078613281 ],
		"EyelidLower3": [ 99.243301391601562, -85.59210205078125, 181.81361389160156 ],
		"EyeCornerOuter": [ 99.644088745117188, -85.338920593261719, 181.77578735351562 ],
		"EyeCornerOuter2": [ 99.59710693359375, -85.207023620605469, 181.75418090820312 ],
		"EyeCornerOuter1": [ 99.359390258789062, -85.240509033203125, 181.85542297363281 ],
		"EyeCornerInner": [ 99.211700439453125, -87.811180114746094, 181.84419250488281 ],
		"EyeCornerInner1": [ 99.128875732421875, -87.684539794921875, 182.09774780273438 ],
		"EyeCornerInner2": [ 99.30596923828125, -87.622428894042969, 181.73182678222656 ],
		"Eye": [ 100.47099304199219, -86.489311218261719, 182.534912109375 ],
		"Pupil": [ 99.242851257324219, -86.492835998535156, 181.92831420898438 ],
		"EyelidUpper2": [ 98.720504760742188, -86.370407104492188, 182.25645446777344 ],
		"EyelidUpper3": [ 99.00677490234375, -85.527801513671875, 182.07798767089844 ],
		"EyelidUpper1": [ 98.882492065429688, -87.1937255859375, 182.16670227050781 ]
	}
}