{
	"Camera":
	{
		"ViewProjection": [
			[ 0.17724055051803589, -0.047585479915142059, 0, 0.98748773336410522 ],
			[ 0.92770057916641235, -0.099998995661735535, 0, -0.15671920776367188 ],
			[ 0.057087499648332596, 1.7726304531097412, 0, 0.01751725934445858 ],
			[ 51.889671325683594, -327.31622314453125, 1, -110.85041809082031 ]
		]
	},
	"Overall":
	{
		"Side": "left",
		"GazeWorld": [ -0.92822790145874023, 0.017121972516179085, -0.37161773443222046 ],
		"GazeImage": [ -0.49972245348957717, 0.86618558604860041 ]
	},
	"Parameters":
	{
		"EyeBlink": 0.11899999999999999,
		"EyeLookDown": 0.63400000000000001,
		"EyeLookIn": 0.182,
		"EyeLookOut": 0.183,
		"EyeLookUp": 0.11,
		"EyeSquint": 0,
		"EyeWide": 0
	},
	"Keypoints":
	{
		"PupilOffset": [ 98.969886779785156, -86.385307312011719, 181.85148620605469 ],
		"EyelidLower2": [ 99.019233703613281, -86.309593200683594, 181.55035400390625 ],
		"EyelidLower1": [ 99.106391906738281, -87.097297668457031, 181.64512634277344 ],
		"EyelidLower3": [ 99.387161254882812, -85.510940551757812, 181.69981384277344 ],
		"EyeCornerOuter": [ 99.935905456542969, -85.286712646484375, 181.81910705566406 ],
		"EyeCornerOuter2": [ 99.90057373046875, -85.191650390625, 181.75944519042969 ],
		"EyeCornerOuter1": [ 99.591789245605469, -85.226661682128906, 181.93870544433594 ],
		"EyeCornerInner": [ 99.200149536132812, -87.825698852539062, 181.80809020996094 ],
		"EyeCornerInner1": [ 99.093574523925781, -87.687583923339844, 182.066162109375 ],
		"EyeCornerInner2": [ 99.30157470703125, -87.601531982421875, 181.67074584960938 ],
		"Eye": [ 100.47746276855469, -86.509330749511719, 182.53327941894531 ],
		"Pupil": [ 99.2388916015625, -86.4002685546875, 181.95924377441406 ],
		"EyelidUpper2": [ 98.749298095703125, -86.333717346191406, 182.26109313964844 ],
		"EyelidUpper3": [ 99.062950134277344, -85.480659484863281, 182.13507080078125 ],
		"EyelidUpper1": [ 98.909454345703125, -87.150909423828125, 182.16093444824219 ]
	}
}