{
	"Camera":
	{
		"ViewProjection": [
			[ 0.22901937365531921, -0.084009885787963867, 0, 0.97644799947738647 ],
			[ 0.91680252552032471, -0.0722503662109375, 0, -0.2124750018119812 ],
			[ 0.048217169940471649, 1.7726267576217651, 0, 0.037465982139110565 ],
			[ 54.311756134033203, -321.84332275390625, 1, -119.68525695800781 ]
		]
	},
	"Overall":
	{
		"Side": "right",
		"GazeWorld": [ -0.89237940311431885, -0.31488132476806641, -0.32327783107757568 ],
		"GazeImage": [ -0.85519783155401785, 0.51830171609334419 ]
	},
	"Parameters":
	{
		"EyeBlink": 0.35999999999999999,
		"EyeLookDown": 0.49099999999999999,
		"EyeLookIn": 0,
		"EyeLookOut": 0.44900000000000001,
		"EyeLookUp": 0,
		"EyeSquint": 0,
		"EyeWide": 0.025000000000000001
	},
	"Keypoints":
	{
		"PupilOffset": [ 98.881828308105469, -93.996742248535156, 181.94651794433594 ],
		"Eye": [ 100.31683349609375, -93.402473449707031, 182.57391357421875 ],
		"Pupil": [ 99.137298583984375, -93.89599609375, 182.04025268554688 ],
		"EyeCornerOuter": [ 99.9659423828125, -94.793418884277344, 181.8819580078125 ],
		"EyeCornerOuter1": [ 99.610008239746094, -94.821807861328125, 181.99378967285156 ],
		"EyeCornerOuter2": [ 99.944465637207031, -94.799522399902344, 181.79757690429688 ],
		"EyeCornerInner": [ 98.986808776855469, -92.176498413085938, 181.86573791503906 ],
		"EyeCornerInner2": [ 99.03900146484375, -92.452644348144531, 181.73899841308594 ],
		"EyeCornerInner1": [ 98.880615234375, -92.379425048828125, 182.05914306640625 ],
		"EyelidLower2": [ 98.988670349121094, -93.76806640625, 181.53987121582031 ],
		"EyelidLower3": [ 99.380653381347656, -94.576148986816406, 181.72013854980469 ],
		"EyelidLower1": [ 98.932411193847656, -92.978515625, 181.65286254882812 ],
		"EyelidUpper1": [ 98.716201782226562, -92.887626647949219, 182.195556640625 ],
		"EyelidUpper2": [ 98.617179870605469, -93.743728637695312, 182.25694274902344 ],
		"EyelidUpper3": [ 99.048751831054688, -94.576644897460938, 182.19117736816406 ]
	}
}