{
	"Camera":
	{
		"ViewProjection": [
			[ -0.11680037528276443, 0.37314650416374207, 0, 0.96532058715820312 ],
			[ 0.92638570070266724, -0.23741966485977173, 0, 0.18520557880401611 ],
			[ 0.1531955897808075, 1.7201387882232666, 0, -0.1839975118637085 ],
			[ 63.2939453125, -371.51849365234375, 1, -43.438468933105469 ]
		]
	},
	"Overall":
	{
		"Side": "left",
		"GazeWorld": [ -0.99127095937728882, 3.5331265735294437e-06, -0.13184064626693726 ],
		"GazeImage": [ -0.13216372009101796, 0.99122790068263467 ]
	},
	"Parameters":
	{
		"EyeBlink": 0,
		"EyeLookDown": 0.189,
		"EyeLookIn": 0,
		"EyeLookOut": 0,
		"EyeLookUp": 0,
		"EyeSquint": 0,
		"EyeWide": 0
	},
	"Keypoints":
	{
		"PupilOffset": [ 98.841514587402344, -86.368782043457031, 182.1932373046875 ],
		"EyelidLower2": [ 98.963363647460938, -86.250091552734375, 181.66160583496094 ],
		"EyelidLower1": [ 99.043800354003906, -87.067955017089844, 181.76069641113281 ],
		"EyelidLower3": [ 99.328163146972656, -85.446762084960938, 181.81541442871094 ],
		"EyeCornerOuter": [ 99.864570617675781, -85.052322387695312, 182.09848022460938 ],
		"EyeCornerOuter2": [ 99.822769165039062, -84.991767883300781, 182.02032470703125 ],
		"EyeCornerOuter1": [ 99.608833312988281, -85.023849487304688, 182.21141052246094 ],
		"EyeCornerInner": [ 99.236602783203125, -87.835433959960938, 181.94068908691406 ],
		"EyeCornerInner1": [ 99.182022094726562, -87.710220336914062, 182.15467834472656 ],
		"EyeCornerInner2": [ 99.234451293945312, -87.594192504882812, 181.8211669921875 ],
		"Eye": [ 100.47303771972656, -86.4649658203125, 182.48368835449219 ],
		"Pupil": [ 99.128982543945312, -86.3787841796875, 182.23147583007812 ],
		"EyelidUpper2": [ 98.726554870605469, -86.277114868164062, 182.78941345214844 ],
		"EyelidUpper3": [ 99.062362670898438, -85.390975952148438, 182.59053039550781 ],
		"EyelidUpper1": [ 98.8609619140625, -87.129829406738281, 182.63819885253906 ]
	}
}