{
	"Camera":
	{
		"ViewProjection": [
			[ -0.084652408957481384, -0.48958176374435425, 0, 0.9537280797958374 ],
			[ 0.92143088579177856, -0.40111368894577026, 0, 0.057534486055374146 ],
			[ 0.19773934781551361, 1.659488320350647, 0, 0.29511445760726929 ],
			[ 58.741096496582031, -291.92092895507812, 1, -139.86126708984375 ]
		]
	},
	"Overall":
	{
		"Side": "right",
		"GazeWorld": [ -0.90473002195358276, -0.0077562206424772739, -0.42591491341590881 ],
		"GazeImage": [ 0.22162110358896811, 0.9751328557914597 ]
	},
	"Parameters":
	{
		"EyeBlink": 0.42799999999999999,
		"EyeLookDown": 0.65300000000000002,
		"EyeLookIn": 0,
		"EyeLookOut": 0,
		"EyeLookUp": 0,
		"EyeSquint": 0,
		"EyeWide": 0
	},
	"Keypoints":
	{
		"PupilOffset": [ 98.844223022460938, -93.52288818359375, 181.7825927734375 ],
		"Eye": [ 100.31607055664062, -93.426094055175781, 182.57713317871094 ],
		"Pupil": [ 99.106521606445312, -93.510635375976562, 181.90606689453125 ],
		"EyeCornerOuter": [ 99.892539978027344, -94.756088256835938, 181.79212951660156 ],
		"EyeCornerOuter1": [ 99.533126831054688, -94.805191040039062, 181.87968444824219 ],
		"EyeCornerOuter2": [ 99.7908935546875, -94.761726379394531, 181.72610473632812 ],
		"EyeCornerInner": [ 99.123580932617188, -92.090797424316406, 181.77888488769531 ],
		"EyeCornerInner2": [ 99.219573974609375, -92.3685302734375, 181.66973876953125 ],
		"EyeCornerInner1": [ 99.01129150390625, -92.304908752441406, 181.95362854003906 ],
		"EyelidLower2": [ 99.002410888671875, -93.694175720214844, 181.43641662597656 ],
		"EyelidLower3": [ 99.436416625976562, -94.494499206542969, 181.63690185546875 ],
		"EyelidLower1": [ 98.9930419921875, -92.891380310058594, 181.5753173828125 ],
		"EyelidUpper1": [ 98.757583618164062, -92.793815612792969, 182.03826904296875 ],
		"EyelidUpper2": [ 98.627395629882812, -93.611572265625, 182.04661560058594 ],
		"EyelidUpper3": [ 99.068557739257812, -94.41827392578125, 181.99734497070312 ]
	}
}