{
	"Camera":
	{
		"ViewProjection": [
			[ -0.16012172400951385, 0.35563617944717407, 0, 0.95900779962539673 ],
			[ 0.92837625741958618, -0.10370700806379318, 0, 0.21584799885749817 ],
			[ 0.088206067681312561, 1.7370237112045288, 0, -0.18361273407936096 ],
			[ 86.649864196777344, -362.1636962890625, 1, -37.327537536621094 ]
		]
	},
	"Overall":
	{
		"Side": "right",
		"GazeWorld": [ -0.81162160634994507, 0.58410561084747314, 0.0095281004905700684 ],
		"GazeImage": [ 0.96761727239684381, 0.25242189714700275 ]
	},
	"Parameters":
	{
		"EyeBlink": 0.24299999999999999,
		"EyeLookDown": 0,
		"EyeLookIn": 0.95699999999999996,
		"EyeLookOut": 0,
		"EyeLookUp": 0,
		"EyeSquint": 0,
		"EyeWide": 0
	},
	"Keypoints":
	{
		"PupilOffset": [ 99.003997802734375, -92.54327392578125, 182.38699340820312 ],
		"Eye": [ 100.41085052490234, -93.449806213378906, 182.46461486816406 ],
		"Pupil": [ 99.245208740234375, -92.704551696777344, 182.38423156738281 ],
		"EyeCornerOuter": [ 99.663009643554688, -94.869155883789062, 182.17318725585938 ],
		"EyeCornerOuter1": [ 99.431877136230469, -94.899948120117188, 182.34091186523438 ],
		"EyeCornerOuter2": [ 99.457656860351562, -94.865303039550781, 182.00830078125 ],
		"EyeCornerInner": [ 99.216659545898438, -91.852027893066406, 182.10462951660156 ],
		"EyeCornerInner2": [ 99.18658447265625, -92.229385375976562, 182.00920104980469 ],
		"EyeCornerInner1": [ 99.199424743652344, -92.113746643066406, 182.32583618164062 ],
		"EyelidLower2": [ 98.899093627929688, -93.575508117675781, 181.78825378417969 ],
		"EyelidLower3": [ 99.072853088378906, -94.34613037109375, 181.94297790527344 ],
		"EyelidLower1": [ 98.893409729003906, -92.7650146484375, 181.78587341308594 ],
		"EyelidUpper1": [ 98.799484252929688, -92.625572204589844, 182.67352294921875 ],
		"EyelidUpper2": [ 98.688606262207031, -93.428359985351562, 182.75790405273438 ],
		"EyelidUpper3": [ 98.930648803710938, -94.386672973632812, 182.62149047851562 ]
	}
}