{
	"Camera":
	{
		"ViewProjection": [
			[ 0.35249534249305725, 0.50356745719909668, 0, 0.89520037174224854 ],
			[ 0.86802089214324951, -0.45526093244552612, 0, -0.27461174130439758 ],
			[ 0.13262151181697845, 1.6412314176559448, 0, -0.35100501775741577 ],
			[ 21.926021575927734, -391.77273559570312, 1, -47.418018341064453 ]
		]
	},
	"Overall":
	{
		"Side": "right",
		"GazeWorld": [ -0.99165511131286621, -0.12238015979528427, -0.040532946586608887 ],
		"GazeImage": [ -0.88956701814353822, 0.45680468499262772 ]
	},
	"Parameters":
	{
		"EyeBlink": 0.19900000000000001,
		"EyeLookDown": 0.069000000000000006,
		"EyeLookIn": 0,
		"EyeLookOut": 0.161,
		"EyeLookUp": 0,
		"EyeSquint": 0.47099999999999997,
		"EyeWide": 0
	},
	"Keypoints":
	{
		"PupilOffset": [ 98.742591857910156, -93.73089599609375, 182.3323974609375 ],
		"Eye": [ 100.38578796386719, -93.444038391113281, 182.49342346191406 ],
		"Pupil": [ 99.028945922851562, -93.685478210449219, 182.34414672851562 ],
		"EyeCornerOuter": [ 99.817276000976562, -94.859329223632812, 182.19572448730469 ],
		"EyeCornerOuter1": [ 99.566238403320312, -94.913002014160156, 182.28804016113281 ],
		"EyeCornerOuter2": [ 99.701347351074219, -94.849136352539062, 182.12443542480469 ],
		"EyeCornerInner": [ 99.061851501464844, -92.108268737792969, 182.10859680175781 ],
		"EyeCornerInner2": [ 99.018562316894531, -92.41180419921875, 182.04612731933594 ],
		"EyeCornerInner1": [ 99.020309448242188, -92.280921936035156, 182.28688049316406 ],
		"EyelidLower2": [ 98.774223327636719, -93.663330078125, 181.88014221191406 ],
		"EyelidLower3": [ 99.107498168945312, -94.445457458496094, 182.01593017578125 ],
		"EyelidLower1": [ 98.8212890625, -92.892997741699219, 181.95425415039062 ],
		"EyelidUpper1": [ 98.732261657714844, -92.835166931152344, 182.58187866210938 ],
		"EyelidUpper2": [ 98.624649047851562, -93.66888427734375, 182.76669311523438 ],
		"EyelidUpper3": [ 98.988700866699219, -94.535041809082031, 182.64755249023438 ]
	}
}