{
	"Camera":
	{
		"ViewProjection": [
			[ 0.23058553040027618, 0.53807312250137329, 0, 0.92868137359619141 ],
			[ 0.91751796007156372, -0.1037345826625824, 0, -0.2057560533285141 ],
			[ -0.017107293009757996, 1.6894375085830688, 0, -0.30856963992118835 ],
			[ 59.24395751953125, -370.68569946289062, 1, -50.192245483398438 ]
		]
	},
	"Overall":
	{
		"Side": "left",
		"GazeWorld": [ -0.86726480722427368, -0.028053469955921173, -0.49705606698989868 ],
		"GazeImage": [ -0.32652025279804719, 0.94519020546803145 ]
	},
	"Parameters":
	{
		"EyeBlink": 0,
		"EyeLookDown": 0.83599999999999997,
		"EyeLookIn": 0.049000000000000002,
		"EyeLookOut": 0,
		"EyeLookUp": 0.122,
		"EyeSquint": 0,
		"EyeWide": 0.495
	},
	"Keypoints":
	{
		"PupilOffset": [ 99.066970825195312, -86.452384948730469, 181.66105651855469 ],
		"EyelidLower2": [ 99.028076171875, -86.303634643554688, 181.44419860839844 ],
		"EyelidLower1": [ 99.16644287109375, -87.077354431152344, 181.55747985839844 ],
		"EyelidLower3": [ 99.454330444335938, -85.519622802734375, 181.63005065917969 ],
		"EyeCornerOuter": [ 99.899078369140625, -85.318099975585938, 181.77207946777344 ],
		"EyeCornerOuter2": [ 99.841484069824219, -85.207504272460938, 181.69389343261719 ],
		"EyeCornerOuter1": [ 99.54754638671875, -85.257003784179688, 181.89178466796875 ],
		"EyeCornerInner": [ 99.242881774902344, -87.806991577148438, 181.7525634765625 ],
		"EyeCornerInner1": [ 99.134834289550781, -87.661857604980469, 182.01522827148438 ],
		"EyeCornerInner2": [ 99.350006103515625, -87.599800109863281, 181.60821533203125 ],
		"Eye": [ 100.46981048583984, -86.503349304199219, 182.54571533203125 ],
		"Pupil": [ 99.318801879882812, -86.454246520996094, 181.80520629882812 ],
		"EyelidUpper2": [ 98.711135864257812, -86.375343322753906, 182.31736755371094 ],
		"EyelidUpper3": [ 99.045600891113281, -85.524276733398438, 182.16421508789062 ],
		"EyelidUpper1": [ 98.828353881835938, -87.229690551757812, 182.22122192382812 ]
	}
}