{
	"Camera":
	{
		"ViewProjection": [
			[ -0.066032223403453827, -0.45005339384078979, 0, 0.96211481094360352 ],
			[ 0.94361913204193115, 0.010194485075771809, 0, 0.10588877648115158 ],
			[ -0.022900961339473724, 1.7180896997451782, 0, 0.25124233961105347 ],
			[ 99.055274963378906, -267.88668823242188, 1, -127.52085113525391 ]
		]
	},
	"Overall":
	{
		"Side": "right",
		"GazeWorld": [ -0.97338789701461792, -0.22898896038532257, 0.008937537670135498 ],
		"GazeImage": [ -0.52999894000318004, -0.84799830400508802 ]
	},
	"Parameters":
	{
		"EyeBlink": 0.23999999999999999,
		"EyeLookDown": 0,
		"EyeLookIn": 0,
		"EyeLookOut": 0.30599999999999999,
		"EyeLookUp": 0,
		"EyeSquint": 0,
		"EyeWide": 0
	},
	"Keypoints":
	{
		"PupilOffset": [ 98.782615661621094, -93.900894165039062, 182.41117858886719 ],
		"Eye": [ 100.39097595214844, -93.437210083007812, 182.48977661132812 ],
		"Pupil": [ 99.062606811523438, -93.824752807617188, 182.40858459472656 ],
		"EyeCornerOuter": [ 99.8924560546875, -94.937393188476562, 182.19392395019531 ],
		"EyeCornerOuter1": [ 99.605751037597656, -94.945419311523438, 182.3017578125 ],
		"EyeCornerOuter2": [ 99.814109802246094, -94.928253173828125, 182.0791015625 ],
		"EyeCornerInner": [ 99.027496337890625, -92.1387939453125, 182.01583862304688 ],
		"EyeCornerInner2": [ 98.988792419433594, -92.456146240234375, 181.90559387207031 ],
		"EyeCornerInner1": [ 98.963302612304688, -92.313850402832031, 182.22296142578125 ],
		"EyelidLower2": [ 98.87109375, -93.717803955078125, 181.78355407714844 ],
		"EyelidLower3": [ 99.209304809570312, -94.529251098632812, 181.92507934570312 ],
		"EyelidLower1": [ 98.8587646484375, -92.942123413085938, 181.86177062988281 ],
		"EyelidUpper1": [ 98.777130126953125, -92.858688354492188, 182.56446838378906 ],
		"EyelidUpper2": [ 98.654052734375, -93.694732666015625, 182.75276184082031 ],
		"EyelidUpper3": [ 99.012229919433594, -94.581466674804688, 182.62600708007812 ]
	}
}