{
	"Camera":
	{
		"ViewProjection": [
			[ 0.23030626773834229, -0.38731002807617188, 0, 0.95251166820526123 ],
			[ 0.89552593231201172, -0.28369665145874023, 0, -0.24978882074356079 ],
			[ 0.20073437690734863, 1.7099682092666626, 0, 0.17414730787277222 ],
			[ 24.528375625610352, -299.86239624023438, 1, -145.90528869628906 ]
		]
	},
	"Overall":
	{
		"Side": "right",
		"GazeWorld": [ -0.99891310930252075, 0.046611607074737549, 7.0333480834960938e-05 ],
		"GazeImage": [ -0.37139067635410378, -0.92847669088525941 ]
	},
	"Parameters":
	{
		"EyeBlink": 0,
		"EyeLookDown": 0,
		"EyeLookIn": 0.070999999999999994,
		"EyeLookOut": 0,
		"EyeLookUp": 0,
		"EyeSquint": 0,
		"EyeWide": 0.30299999999999999
	},
	"Keypoints":
	{
		"PupilOffset": [ 98.722381591796875, -93.464195251464844, 182.38053894042969 ],
		"Eye": [ 100.39576721191406, -93.458206176757812, 182.47396850585938 ],
		"Pupil": [ 99.012535095214844, -93.467720031738281, 182.38052368164062 ],
		"EyeCornerOuter": [ 99.731346130371094, -94.950332641601562, 182.31706237792969 ],
		"EyeCornerOuter1": [ 99.470466613769531, -94.957000732421875, 182.42762756347656 ],
		"EyeCornerOuter2": [ 99.549552917480469, -94.996009826660156, 182.17283630371094 ],
		"EyeCornerInner": [ 99.098182678222656, -92.08026123046875, 182.04464721679688 ],
		"EyeCornerInner2": [ 99.017547607421875, -92.405006408691406, 181.9365234375 ],
		"EyeCornerInner1": [ 99.081779479980469, -92.253044128417969, 182.23918151855469 ],
		"EyelidLower2": [ 98.776397705078125, -93.676826477050781, 181.87130737304688 ],
		"EyelidLower3": [ 99.167716979980469, -94.493980407714844, 182.04379272460938 ],
		"EyelidLower1": [ 98.838287353515625, -92.91302490234375, 181.92686462402344 ],
		"EyelidUpper1": [ 98.777565002441406, -92.852867126464844, 182.79808044433594 ],
		"EyelidUpper2": [ 98.668510437011719, -93.671333312988281, 182.99041748046875 ],
		"EyelidUpper3": [ 99.022964477539062, -94.559539794921875, 182.81512451171875 ]
	}
}