{
	"Camera":
	{
		"ViewProjection": [
			[ 0.16344615817070007, -0.1558775007724762, 0, 0.98614132404327393 ],
			[ 0.93159496784210205, 0.078176923096179962, 0, -0.13746045529842377 ],
			[ -0.026794729754328728, 1.7675049304962158, 0, 0.092897482216358185 ],
			[ 75.852020263671875, -299.80743408203125, 1, -124.59429931640625 ]
		]
	},
	"Overall":
	{
		"Side": "right",
		"GazeWorld": [ -0.85554802417755127, 0.5177188515663147, 0.0021419525146484375 ],
		"GazeImage": [ 0.98503046715570419, -0.17238033175224823 ]
	},
	"Parameters":
	{
		"EyeBlink": 0,
		"EyeLookDown": 0.10000000000000001,
		"EyeLookIn": 0.82899999999999996,
		"EyeLookOut": 0,
		"EyeLookUp": 0.13600000000000001,
		"EyeSquint": 0.20399999999999999,
		"EyeWide": 0.35199999999999998
	},
	"Keypoints":
	{
		"PupilOffset": [ 98.910484313964844, -92.653755187988281, 182.35719299316406 ],
		"Eye": [ 100.38426208496094, -93.445419311523438, 182.44717407226562 ],
		"Pupil": [ 99.163772583007812, -92.795341491699219, 182.3565673828125 ],
		"EyeCornerOuter": [ 99.786453247070312, -94.906204223632812, 182.30085754394531 ],
		"EyeCornerOuter1": [ 99.573837280273438, -94.93072509765625, 182.49211120605469 ],
		"EyeCornerOuter2": [ 99.561614990234375, -94.899238586425781, 182.1051025390625 ],
		"EyeCornerInner": [ 99.226951599121094, -91.886810302734375, 182.16293334960938 ],
		"EyeCornerInner2": [ 99.152069091796875, -92.253677368164062, 182.08287048339844 ],
		"EyeCornerInner1": [ 99.245002746582031, -92.143348693847656, 182.35296630859375 ],
		"EyelidLower2": [ 98.853004455566406, -93.632797241210938, 181.80099487304688 ],
		"EyelidLower3": [ 99.066993713378906, -94.40533447265625, 181.97744750976562 ],
		"EyelidLower1": [ 98.84228515625, -92.817047119140625, 181.79534912109375 ],
		"EyelidUpper1": [ 98.762290954589844, -92.719917297363281, 182.98129272460938 ],
		"EyelidUpper2": [ 98.699729919433594, -93.543403625488281, 183.06008911132812 ],
		"EyelidUpper3": [ 99.019515991210938, -94.487678527832031, 182.89248657226562 ]
	}
}