{
	"Camera":
	{
		"ViewProjection": [
			[ -0.027373243123292923, 0.49490335583686829, 0, 0.95847582817077637 ],
			[ 0.92215269804000854, 0.39304599165916443, 0, -0.0033295825123786926 ],
			[ -0.21020668745040894, 1.6598401069641113, 0, -0.28515452146530151 ],
			[ 120.65182495117188, -318.15899658203125, 1, -40.322605133056641 ]
		]
	},
	"Overall":
	{
		"Side": "left",
		"GazeWorld": [ -0.96849918365478516, 6.0926686273887753e-06, -0.24901682138442993 ],
		"GazeImage": [ 0.07124704998790965, 0.99745869983073498 ]
	},
	"Parameters":
	{
		"EyeBlink": 0,
		"EyeLookDown": 0.35999999999999999,
		"EyeLookIn": 0,
		"EyeLookOut": 0,
		"EyeLookUp": 0,
		"EyeSquint": 0.23200000000000001,
		"EyeWide": 0
	},
	"Keypoints":
	{
		"PupilOffset": [ 98.8868408203125, -86.378776550292969, 182.02372741699219 ],
		"EyelidLower2": [ 98.901107788085938, -86.311691284179688, 181.68817138671875 ],
		"EyelidLower1": [ 99.049423217773438, -87.103767395019531, 181.78854370117188 ],
		"EyelidLower3": [ 99.263641357421875, -85.519905090332031, 181.83094787597656 ],
		"EyeCornerOuter": [ 99.769912719726562, -85.180107116699219, 181.97499084472656 ],
		"EyeCornerOuter2": [ 99.728469848632812, -85.100753784179688, 181.92942810058594 ],
		"EyeCornerOuter1": [ 99.514328002929688, -85.105255126953125, 182.064453125 ],
		"EyeCornerInner": [ 99.223037719726562, -87.821365356445312, 181.91461181640625 ],
		"EyeCornerInner1": [ 99.155998229980469, -87.697402954101562, 182.136474609375 ],
		"EyeCornerInner2": [ 99.256301879882812, -87.609222412109375, 181.81002807617188 ],
		"Eye": [ 100.47208404541016, -86.474967956542969, 182.50608825683594 ],
		"Pupil": [ 99.167701721191406, -86.388778686523438, 182.095947265625 ],
		"EyelidUpper2": [ 98.712493896484375, -86.311233520507812, 182.56085205078125 ],
		"EyelidUpper3": [ 99.027542114257812, -85.44305419921875, 182.37675476074219 ],
		"EyelidUpper1": [ 98.858779907226562, -87.15887451171875, 182.42970275878906 ]
	}
}