{
	"Camera":
	{
		"ViewProjection": [
			[ 0.18328133225440979, -0.2390306293964386, 0, 0.97756779193878174 ],
			[ 0.91011148691177368, -0.30013725161552429, 0, -0.18384550511837006 ],
			[ 0.18277576565742493, 1.7341471910476685, 0, 0.10277273505926132 ],
			[ 26.94331169128418, -318.35589599609375, 1, -127.66671752929688 ]
		]
	},
	"Overall":
	{
		"Side": "left",
		"GazeWorld": [ -0.99929946660995483, 0.035638872534036636, 0.011429250240325928 ],
		"GazeImage": [ -0.70710678118654757, -0.70710678118654757 ]
	},
	"Parameters":
	{
		"EyeBlink": 0.32500000000000001,
		"EyeLookDown": 0,
		"EyeLookIn": 0.249,
		"EyeLookOut": 0.26100000000000001,
		"EyeLookUp": 0,
		"EyeSquint": 0,
		"EyeWide": 0
	},
	"Keypoints":
	{
		"PupilOffset": [ 98.837852478027344, -86.3248291015625, 182.42131042480469 ],
		"EyelidLower2": [ 98.991828918457031, -86.2952880859375, 181.72695922851562 ],
		"EyelidLower1": [ 99.032745361328125, -87.128372192382812, 181.81057739257812 ],
		"EyelidLower3": [ 99.294212341308594, -85.462745666503906, 181.84513854980469 ],
		"EyeCornerOuter": [ 99.921493530273438, -85.03485107421875, 182.11097717285156 ],
		"EyeCornerOuter2": [ 99.869895935058594, -85.039588928222656, 182.01593017578125 ],
		"EyeCornerOuter1": [ 99.627105712890625, -85.022453308105469, 182.2301025390625 ],
		"EyeCornerInner": [ 99.194175720214844, -87.902351379394531, 182.02157592773438 ],
		"EyeCornerInner1": [ 99.124351501464844, -87.750495910644531, 182.21627807617188 ],
		"EyeCornerInner2": [ 99.1993408203125, -87.637649536132812, 181.91995239257812 ],
		"Eye": [ 100.48939514160156, -86.479896545410156, 182.47563171386719 ],
		"Pupil": [ 99.127296447753906, -86.345161437988281, 182.41799926757812 ],
		"EyelidUpper2": [ 98.768630981445312, -86.287551879882812, 182.69273376464844 ],
		"EyelidUpper3": [ 99.085334777832031, -85.412513732910156, 182.52842712402344 ],
		"EyelidUpper1": [ 98.94189453125, -87.10107421875, 182.49992370605469 ]
	}
}