{
	"Camera":
	{
		"ViewProjection": [
			[ 0.10245036333799362, -0.029956864193081856, 0, 0.99696481227874756 ],
			[ 0.94051826000213623, 0.031950708478689194, 0, -0.075735777616500854 ],
			[ -0.015200563706457615, 1.7755465507507324, 0, 0.018033357337117195 ],
			[ 73.606956481933594, -318.32489013671875, 1, -104.80023956298828 ]
		]
	},
	"Overall":
	{
		"Side": "left",
		"GazeWorld": [ -0.96983617544174194, 0.0005213190452195704, -0.24375689029693604 ],
		"GazeImage": [ -0.54325127815727425, 0.83957015715215122 ]
	},
	"Parameters":
	{
		"EyeBlink": 0,
		"EyeLookDown": 0.374,
		"EyeLookIn": 0.36299999999999999,
		"EyeLookOut": 0.32200000000000001,
		"EyeLookUp": 0.029000000000000001,
		"EyeSquint": 0.20999999999999999,
		"EyeWide": 0.11899999999999999
	},
	"Keypoints":
	{
		"PupilOffset": [ 98.888626098632812, -86.4114990234375, 182.04945373535156 ],
		"EyelidLower2": [ 98.903160095214844, -86.358230590820312, 181.76690673828125 ],
		"EyelidLower1": [ 99.008636474609375, -87.13311767578125, 181.8194580078125 ],
		"EyelidLower3": [ 99.203758239746094, -85.556648254394531, 181.90127563476562 ],
		"EyeCornerOuter": [ 99.718925476074219, -85.279678344726562, 181.9466552734375 ],
		"EyeCornerOuter2": [ 99.667121887207031, -85.197257995605469, 181.87063598632812 ],
		"EyeCornerOuter1": [ 99.431121826171875, -85.208671569824219, 182.06669616699219 ],
		"EyeCornerInner": [ 99.170906066894531, -87.860183715820312, 181.95986938476562 ],
		"EyeCornerInner1": [ 99.119697570800781, -87.7197265625, 182.20718383789062 ],
		"EyeCornerInner2": [ 99.219879150390625, -87.636375427246094, 181.8316650390625 ],
		"Eye": [ 100.47583770751953, -86.508560180664062, 182.523193359375 ],
		"Pupil": [ 99.169876098632812, -86.421653747558594, 182.12014770507812 ],
		"EyelidUpper2": [ 98.707656860351562, -86.34552001953125, 182.51502990722656 ],
		"EyelidUpper3": [ 98.992088317871094, -85.445419311523438, 182.33888244628906 ],
		"EyelidUpper1": [ 98.861129760742188, -87.166145324707031, 182.38821411132812 ]
	}
}