{
	"Camera":
	{
		"ViewProjection": [
			[ 0.32636001706123352, 0.2442917674779892, 0, 0.93916082382202148 ],
			[ 0.88685035705566406, 0.0049630571156740189, 0, -0.31806030869483948 ],
			[ -0.047826722264289856, 1.759198784828186, 0, -0.12967118620872498 ],
			[ 52.692192077636719, -344.95993041992188, 1, -94.208229064941406 ]
		]
	},
	"Overall":
	{
		"Side": "left",
		"GazeWorld": [ -0.98129689693450928, 0.19250002503395081, -4.9471855163574219e-06 ],
		"GazeImage": [ -0.78086880944303039, 0.62469504755442429 ]
	},
	"Parameters":
	{
		"EyeBlink": 0,
		"EyeLookDown": 0,
		"EyeLookIn": 0,
		"EyeLookOut": 0.26200000000000001,
		"EyeLookUp": 0,
		"EyeSquint": 0,
		"EyeWide": 0.027
	},
	"Keypoints":
	{
		"PupilOffset": [ 98.870628356933594, -86.0645751953125, 182.40321350097656 ],
		"EyelidLower2": [ 98.996994018554688, -86.200096130371094, 181.71012878417969 ],
		"EyelidLower1": [ 99.0040283203125, -87.033981323242188, 181.80116271972656 ],
		"EyelidLower3": [ 99.348922729492188, -85.3834228515625, 181.84820556640625 ],
		"EyeCornerOuter": [ 99.998291015625, -84.959922790527344, 182.25213623046875 ],
		"EyeCornerOuter2": [ 99.960830688476562, -84.953872680664062, 182.1343994140625 ],
		"EyeCornerOuter1": [ 99.737075805664062, -84.953056335449219, 182.38832092285156 ],
		"EyeCornerInner": [ 99.205101013183594, -87.843849182128906, 182.02037048339844 ],
		"EyeCornerInner1": [ 99.154640197753906, -87.71240234375, 182.22116088867188 ],
		"EyeCornerInner2": [ 99.156822204589844, -87.580108642578125, 181.90415954589844 ],
		"Eye": [ 100.47676086425781, -86.477005004882812, 182.47647094726562 ],
		"Pupil": [ 99.153282165527344, -86.130210876464844, 182.40321350097656 ],
		"EyelidUpper2": [ 98.787742614746094, -86.210617065429688, 183.02658081054688 ],
		"EyelidUpper3": [ 99.123291015625, -85.305343627929688, 182.83119201660156 ],
		"EyelidUpper1": [ 98.882522583007812, -87.060203552246094, 182.80621337890625 ]
	}
}