{
	"Camera":
	{
		"ViewProjection": [
			[ -0.0034077446907758713, -0.080315642058849335, 0, 0.99833709001541138 ],
			[ 0.94596213102340698, -0.039898552000522614, 0, 0.034957464784383774 ],
			[ 0.021118616685271263, 1.7738211154937744, 0, 0.045838981866836548 ],
			[ 85.014991760253906, -319.4818115234375, 1, -101.58890533447266 ]
		]
	},
	"Overall":
	{
		"Side": "right",
		"GazeWorld": [ -0.99802619218826294, -8.4475550465867855e-06, 0.062797427177429199 ],
		"GazeImage": [ 0.40613846605344767, -0.91381154862025726 ]
	},
	"Parameters":
	{
		"EyeBlink": 0,
		"EyeLookDown": 0,
		"EyeLookIn": 0,
		"EyeLookOut": 0,
		"EyeLookUp": 0.12,
		"EyeSquint": 0.36799999999999999,
		"EyeWide": 0.20399999999999999
	},
	"Keypoints":
	{
		"PupilOffset": [ 98.720130920410156, -93.542190551757812, 182.45553588867188 ],
		"Eye": [ 100.39398956298828, -93.458351135253906, 182.44418334960938 ],
		"Pupil": [ 99.009559631347656, -93.532188415527344, 182.43733215332031 ],
		"EyeCornerOuter": [ 99.663780212402344, -94.869346618652344, 182.332763671875 ],
		"EyeCornerOuter1": [ 99.412094116210938, -94.903778076171875, 182.43508911132812 ],
		"EyeCornerOuter2": [ 99.496665954589844, -94.927345275878906, 182.23007202148438 ],
		"EyeCornerInner": [ 99.077484130859375, -92.097198486328125, 182.14155578613281 ],
		"EyeCornerInner2": [ 98.9915771484375, -92.401817321777344, 182.08036804199219 ],
		"EyeCornerInner1": [ 99.069686889648438, -92.255264282226562, 182.32022094726562 ],
		"EyelidLower2": [ 98.689140319824219, -93.625823974609375, 182.02731323242188 ],
		"EyelidLower3": [ 99.058013916015625, -94.42352294921875, 182.17631530761719 ],
		"EyelidLower1": [ 98.787376403808594, -92.877861022949219, 182.07545471191406 ],
		"EyelidUpper1": [ 98.787773132324219, -92.849945068359375, 182.77238464355469 ],
		"EyelidUpper2": [ 98.680709838867188, -93.6708984375, 182.96635437011719 ],
		"EyelidUpper3": [ 99.029533386230469, -94.546333312988281, 182.78854370117188 ]
	}
}