{
	"Camera":
	{
		"ViewProjection": [
			[ -0.25202566385269165, -0.31736448407173157, 0, 0.93807387351989746 ],
			[ 0.88812792301177979, -0.48229792714118958, 0, 0.24304085969924927 ],
			[ 0.20739711821079254, 1.6796286106109619, 0, 0.24687768518924713 ],
			[ 63.726329803466797, -316.84219360351562, 1, -114.52423095703125 ]
		]
	},
	"Overall":
	{
		"Side": "left",
		"GazeWorld": [ -0.92336463928222656, 0.34408494830131531, 0.17030346393585205 ],
		"GazeImage": [ 0.94475661191763127, -0.32777270209387205 ]
	},
	"Parameters":
	{
		"EyeBlink": 0,
		"EyeLookDown": 0.218,
		"EyeLookIn": 0,
		"EyeLookOut": 0.48199999999999998,
		"EyeLookUp": 0.61699999999999999,
		"EyeSquint": 0.84099999999999997,
		"EyeWide": 0.249
	},
	"Keypoints":
	{
		"PupilOffset": [ 98.972763061523438, -85.846221923828125, 182.61482238769531 ],
		"EyelidLower2": [ 98.72967529296875, -86.393264770507812, 182.15719604492188 ],
		"EyelidLower1": [ 98.906234741210938, -87.159957885742188, 182.19438171386719 ],
		"EyelidLower3": [ 98.971519470214844, -85.5992431640625, 182.24668884277344 ],
		"EyeCornerOuter": [ 99.751068115234375, -85.278366088867188, 182.36575317382812 ],
		"EyeCornerOuter2": [ 99.700912475585938, -85.231422424316406, 182.32130432128906 ],
		"EyeCornerOuter1": [ 99.57989501953125, -85.164741516113281, 182.41497802734375 ],
		"EyeCornerInner": [ 99.056533813476562, -87.834930419921875, 182.18675231933594 ],
		"EyeCornerInner1": [ 99.0240478515625, -87.725357055664062, 182.37950134277344 ],
		"EyeCornerInner2": [ 98.989639282226562, -87.622879028320312, 182.15327453613281 ],
		"Eye": [ 100.47939300537109, -86.509033203125, 182.40570068359375 ],
		"Pupil": [ 99.237045288085938, -85.955375671386719, 182.5654296875 ],
		"EyelidUpper2": [ 98.830009460449219, -86.210502624511719, 182.95709228515625 ],
		"EyelidUpper3": [ 99.072929382324219, -85.378128051757812, 182.8087158203125 ],
		"EyelidUpper1": [ 98.900352478027344, -87.025131225585938, 182.64321899414062 ]
	}
}