{
	"Camera":
	{
		"ViewProjection": [
			[ 0.27897417545318604, -0.45535579323768616, 0, 0.92961311340332031 ],
			[ 0.90410161018371582, 0.15694443881511688, 0, -0.25036054849624634 ],
			[ -0.0086979120969772339, 1.7095330953598022, 0, 0.2704426646232605 ],
			[ 51.739009857177734, -253.31088256835938, 1, -159.33512878417969 ]
		]
	},
	"Overall":
	{
		"Side": "left",
		"GazeWorld": [ -0.86348766088485718, 0.062076389789581299, -0.50053513050079346 ],
		"GazeImage": [ -0.52999894000318004, 0.84799830400508802 ]
	},
	"Parameters":
	{
		"EyeBlink": 0,
		"EyeLookDown": 0.751,
		"EyeLookIn": 0,
		"EyeLookOut": 0.097000000000000003,
		"EyeLookUp": 0,
		"EyeSquint": 0.002,
		"EyeWide": 0.049000000000000002
	},
	"Keypoints":
	{
		"PupilOffset": [ 99.08441162109375, -86.310478210449219, 181.67337036132812 ],
		"EyelidLower2": [ 99.03863525390625, -86.290901184082031, 181.46125793457031 ],
		"EyelidLower1": [ 99.165061950683594, -87.066055297851562, 181.58650207519531 ],
		"EyelidLower3": [ 99.461196899414062, -85.509040832519531, 181.63081359863281 ],
		"EyeCornerOuter": [ 99.921943664550781, -85.3148193359375, 181.71047973632812 ],
		"EyeCornerOuter2": [ 99.899391174316406, -85.194419860839844, 181.67535400390625 ],
		"EyeCornerOuter1": [ 99.559623718261719, -85.249320983886719, 181.8126220703125 ],
		"EyeCornerInner": [ 99.223579406738281, -87.781768798828125, 181.7427978515625 ],
		"EyeCornerInner1": [ 99.09381103515625, -87.642524719238281, 182.00546264648438 ],
		"EyeCornerInner2": [ 99.346183776855469, -87.589897155761719, 181.60147094726562 ],
		"Eye": [ 100.47090148925781, -86.506340026855469, 182.56369018554688 ],
		"Pupil": [ 99.3341064453125, -86.338455200195312, 181.81852722167969 ],
		"EyelidUpper2": [ 98.737678527832031, -86.360458374023438, 182.15126037597656 ],
		"EyelidUpper3": [ 99.066719055175781, -85.499122619628906, 182.00979614257812 ],
		"EyelidUpper1": [ 98.876266479492188, -87.212722778320312, 182.09471130371094 ]
	}
}