{
	"Camera":
	{
		"ViewProjection": [
			[ -0.1350480318069458, -0.18982739746570587, 0, 0.97885388135910034 ],
			[ 0.91431283950805664, -0.40894255042076111, 0, 0.14641150832176208 ],
			[ 0.20272156596183777, 1.7179101705551147, 0, 0.14285989105701447 ],
			[ 62.037132263183594, -333.10211181640625, 1, -106.78966522216797 ]
		]
	},
	"Overall":
	{
		"Side": "right",
		"GazeWorld": [ -0.91344249248504639, 0.40422028303146362, 0.047206878662109375 ],
		"GazeImage": [ 0.99931483376676711, 0.037011660509880265 ]
	},
	"Parameters":
	{
		"EyeBlink": 0,
		"EyeLookDown": 0.17399999999999999,
		"EyeLookIn": 0.79100000000000004,
		"EyeLookOut": 0.13800000000000001,
		"EyeLookUp": 0.32000000000000001,
		"EyeSquint": 0,
		"EyeWide": 0
	},
	"Keypoints":
	{
		"PupilOffset": [ 98.800407409667969, -92.832504272460938, 182.40437316894531 ],
		"Eye": [ 100.36469268798828, -93.431495666503906, 182.41909790039062 ],
		"Pupil": [ 99.069351196289062, -92.940582275390625, 182.39068603515625 ],
		"EyeCornerOuter": [ 99.934226989746094, -94.923355102539062, 182.25924682617188 ],
		"EyeCornerOuter1": [ 99.651588439941406, -94.907249450683594, 182.44035339355469 ],
		"EyeCornerOuter2": [ 99.75860595703125, -94.920753479003906, 182.07405090332031 ],
		"EyeCornerInner": [ 99.192306518554688, -91.934043884277344, 182.12483215332031 ],
		"EyeCornerInner2": [ 99.121719360351562, -92.304634094238281, 182.01518249511719 ],
		"EyeCornerInner1": [ 99.193046569824219, -92.194122314453125, 182.34495544433594 ],
		"EyelidLower2": [ 98.896812438964844, -93.69305419921875, 181.74263000488281 ],
		"EyelidLower3": [ 99.133926391601562, -94.492538452148438, 181.92343139648438 ],
		"EyelidLower1": [ 98.842742919921875, -92.868484497070312, 181.73878479003906 ],
		"EyelidUpper1": [ 98.7742919921875, -92.768379211425781, 182.87632751464844 ],
		"EyelidUpper2": [ 98.738609313964844, -93.633468627929688, 182.95973205566406 ],
		"EyelidUpper3": [ 99.088058471679688, -94.582099914550781, 182.78448486328125 ]
	}
}