{
	"Camera":
	{
		"ViewProjection": [
			[ 0.3032996654510498, -0.093147106468677521, 0, 0.95567089319229126 ],
			[ 0.89472317695617676, 0.13580916821956635, 0, -0.2854706346988678 ],
			[ -0.052740566432476044, 1.7684352397918701, 0, 0.072109408676624298 ],
			[ 56.558238983154297, -301.92816162109375, 1, -128.88954162597656 ]
		]
	},
	"Overall":
	{
		"Side": "left",
		"GazeWorld": [ -0.98431301116943359, -0.15685288608074188, 0.080777108669281006 ],
		"GazeImage": [ -0.98478355881793689, -0.17378533390904768 ]
	},
	"Parameters":
	{
		"EyeBlink": 0,
		"EyeLookDown": 0,
		"EyeLookIn": 0.24099999999999999,
		"EyeLookOut": 0,
		"EyeLookUp": 0.154,
		"EyeSquint": 0.01,
		"EyeWide": 0.33600000000000002
	},
	"Keypoints":
	{
		"PupilOffset": [ 98.824203491210938, -86.621818542480469, 182.49006652832031 ],
		"EyelidLower2": [ 98.943023681640625, -86.257217407226562, 181.76751708984375 ],
		"EyelidLower1": [ 98.989189147949219, -87.101425170898438, 181.83277893066406 ],
		"EyelidLower3": [ 99.244163513183594, -85.428939819335938, 181.91981506347656 ],
		"EyeCornerOuter": [ 99.881340026855469, -84.96807861328125, 182.35365295410156 ],
		"EyeCornerOuter2": [ 99.802787780761719, -84.938728332519531, 182.21142578125 ],
		"EyeCornerOuter1": [ 99.663665771484375, -84.978096008300781, 182.52584838867188 ],
		"EyeCornerInner": [ 99.24688720703125, -87.914878845214844, 182.06777954101562 ],
		"EyeCornerInner1": [ 99.238113403320312, -87.76483154296875, 182.25025939941406 ],
		"EyeCornerInner2": [ 99.184051513671875, -87.630973815917969, 181.97344970703125 ],
		"Eye": [ 100.47479248046875, -86.456733703613281, 182.42964172363281 ],
		"Pupil": [ 99.111228942871094, -86.586204528808594, 182.46664428710938 ],
		"EyelidUpper2": [ 98.814750671386719, -86.287994384765625, 183.19898986816406 ],
		"EyelidUpper3": [ 99.130699157714844, -85.406875610351562, 182.98513793945312 ],
		"EyelidUpper1": [ 98.89434814453125, -87.113800048828125, 182.99330139160156 ]
	}
}