{
	"Camera":
	{
		"ViewProjection": [
			[ -0.072946503758430481, 0.011494097299873829, 0, 0.99398320913314819 ],
			[ 0.94280177354812622, 0.06347452849149704, 0, 0.10902966558933258 ],
			[ -0.033248700201511383, 1.7749148607254028, 0, -0.010486269369721413 ],
			[ 101.58306884765625, -319.10305786132812, 1, -82.709358215332031 ]
		]
	},
	"Overall":
	{
		"Side": "right",
		"GazeWorld": [ -0.99055087566375732, -0.13673405349254608, 0.010609626770019531 ],
		"GazeImage": [ -1, 0 ]
	},
	"Parameters":
	{
		"EyeBlink": 0.28899999999999998,
		"EyeLookDown": 0,
		"EyeLookIn": 0,
		"EyeLookOut": 0.17799999999999999,
		"EyeLookUp": 0,
		"EyeSquint": 0,
		"EyeWide": 0
	},
	"Keypoints":
	{
		"PupilOffset": [ 98.753715515136719, -93.757499694824219, 182.40768432617188 ],
		"Eye": [ 100.39865875244141, -93.446266174316406, 182.48348999023438 ],
		"Pupil": [ 99.039604187011719, -93.707939147949219, 182.40460205078125 ],
		"EyeCornerOuter": [ 99.840866088867188, -94.913787841796875, 182.17381286621094 ],
		"EyeCornerOuter1": [ 99.558212280273438, -94.934478759765625, 182.27656555175781 ],
		"EyeCornerOuter2": [ 99.735877990722656, -94.915603637695312, 182.06834411621094 ],
		"EyeCornerInner": [ 99.064430236816406, -92.116104125976562, 182.005615234375 ],
		"EyeCornerInner2": [ 99.034698486328125, -92.433036804199219, 181.89823913574219 ],
		"EyeCornerInner1": [ 98.994178771972656, -92.290763854980469, 182.20979309082031 ],
		"EyelidLower2": [ 98.867073059082031, -93.689201354980469, 181.78213500976562 ],
		"EyelidLower3": [ 99.202392578125, -94.4942626953125, 181.92366027832031 ],
		"EyelidLower1": [ 98.872100830078125, -92.91192626953125, 181.86187744140625 ],
		"EyelidUpper1": [ 98.795707702636719, -92.841743469238281, 182.51467895507812 ],
		"EyelidUpper2": [ 98.655967712402344, -93.67376708984375, 182.70150756835938 ],
		"EyelidUpper3": [ 99.003013610839844, -94.538444519042969, 182.59268188476562 ]
	}
}