{
	"Camera":
	{
		"ViewProjection": [
			[ 0.22502444684505463, 0.46878528594970703, 0, 0.94192993640899658 ],
			[ 0.8990294337272644, -0.46716859936714172, 0, -0.13657280802726746 ],
			[ 0.19081844389438629, 1.6481739282608032, 0, -0.30678319931030273 ],
			[ 20.076522827148438, -387.1859130859375, 1, -45.601921081542969 ]
		]
	},
	"Overall":
	{
		"Side": "left",
		"GazeWorld": [ -0.99999994039535522, 4.7683707293799671e-07, 1.7881393432617188e-07 ],
		"GazeImage": [ -0.87789557291438436, 0.47885213068057331 ]
	},
	"Parameters":
	{
		"EyeBlink": 0,
		"EyeLookDown": 0,
		"EyeLookIn": 0,
		"EyeLookOut": 0,
		"EyeLookUp": 0,
		"EyeSquint": 0,
		"EyeWide": 0.218
	},
	"Keypoints":
	{
		"PupilOffset": [ 98.818351745605469, -86.357719421386719, 182.38565063476562 ],
		"EyelidLower2": [ 98.972267150878906, -86.221107482910156, 181.70755004882812 ],
		"EyelidLower1": [ 99.015335083007812, -87.060066223144531, 181.80229187011719 ],
		"EyelidLower3": [ 99.311485290527344, -85.407241821289062, 181.86439514160156 ],
		"EyeCornerOuter": [ 99.896400451660156, -84.950569152832031, 182.27665710449219 ],
		"EyeCornerOuter2": [ 99.852737426757812, -84.914573669433594, 182.15945434570312 ],
		"EyeCornerOuter1": [ 99.666069030761719, -84.952056884765625, 182.41500854492188 ],
		"EyeCornerInner": [ 99.245887756347656, -87.858253479003906, 182.01078796386719 ],
		"EyeCornerInner1": [ 99.214874267578125, -87.728782653808594, 182.19650268554688 ],
		"EyeCornerInner2": [ 99.195449829101562, -87.592941284179688, 181.90838623046875 ],
		"Eye": [ 100.47409057617188, -86.453903198242188, 182.45890808105469 ],
		"Pupil": [ 99.108352661132812, -86.367721557617188, 182.38565063476562 ],
		"EyelidUpper2": [ 98.784400939941406, -86.250076293945312, 183.10067749023438 ],
		"EyelidUpper3": [ 99.114845275878906, -85.366859436035156, 182.89483642578125 ],
		"EyelidUpper1": [ 98.880416870117188, -87.087814331054688, 182.8963623046875 ]
	}
}