{
	"Camera":
	{
		"ViewProjection": [
			[ 0.37375757098197937, 0.12157788872718811, 0, 0.92842221260070801 ],
			[ 0.84509634971618652, -0.46550661325454712, 0, -0.33636766672134399 ],
			[ 0.20351707935333252, 1.7096800804138184, 0, -0.15776266157627106 ],
			[ -1.5109483003616333, -363.69259643554688, 1, -89.588409423828125 ]
		]
	},
	"Overall":
	{
		"Side": "left",
		"GazeWorld": [ -0.96659648418426514, 0.25630286335945129, 1.2218952178955078e-05 ],
		"GazeImage": [ -0.97780241407740942, 0.20952908873087345 ]
	},
	"Parameters":
	{
		"EyeBlink": 0,
		"EyeLookDown": 0,
		"EyeLookIn": 0.27100000000000002,
		"EyeLookOut": 0.58999999999999997,
		"EyeLookUp": 0,
		"EyeSquint": 0,
		"EyeWide": 0
	},
	"Keypoints":
	{
		"PupilOffset": [ 98.905235290527344, -85.992912292480469, 182.42448425292969 ],
		"EyelidLower2": [ 99.029228210449219, -86.209373474121094, 181.72471618652344 ],
		"EyelidLower1": [ 98.988197326660156, -87.045082092285156, 181.78656005859375 ],
		"EyelidLower3": [ 99.362464904785156, -85.373855590820312, 181.83805847167969 ],
		"EyeCornerOuter": [ 100.09988403320312, -84.982254028320312, 182.25144958496094 ],
		"EyeCornerOuter2": [ 100.04684448242188, -85.016921997070312, 182.09671020507812 ],
		"EyeCornerOuter1": [ 99.801651000976562, -84.983436584472656, 182.427490234375 ],
		"EyeCornerInner": [ 99.17254638671875, -87.886848449707031, 182.06388854980469 ],
		"EyeCornerInner1": [ 99.118515014648438, -87.725540161132812, 182.27973937988281 ],
		"EyeCornerInner2": [ 99.130706787109375, -87.603126525878906, 181.93399047851562 ],
		"Eye": [ 100.48047637939453, -86.509231567382812, 182.49771118164062 ],
		"Pupil": [ 99.1829833984375, -86.076904296875, 182.42448425292969 ],
		"EyelidUpper2": [ 98.811805725097656, -86.198295593261719, 183.01934814453125 ],
		"EyelidUpper3": [ 99.1392822265625, -85.271224975585938, 182.83753967285156 ],
		"EyelidUpper1": [ 98.884017944335938, -87.034194946289062, 182.77679443359375 ]
	}
}