{
	"Camera":
	{
		"ViewProjection": [
			[ -0.019270613789558411, -0.45839217305183411, 0, 0.96477878093719482 ],
			[ 0.94587254524230957, 0.019637130200862885, 0, 0.05638384073972702 ],
			[ -0.015978474169969559, 1.7158012390136719, 0, 0.25694876909255981 ],
			[ 93.371063232421875, -265.7713623046875, 1, -133.23942565917969 ]
		]
	},
	"Overall":
	{
		"Side": "right",
		"GazeWorld": [ -0.87623834609985352, -0.18958014249801636, 0.44301894307136536 ],
		"GazeImage": [ -0.2533593918376833, -0.96737222338024531 ]
	},
	"Parameters":
	{
		"EyeBlink": 0.034000000000000002,
		"EyeLookDown": 0,
		"EyeLookIn": 0,
		"EyeLookOut": 0.28699999999999998,
		"EyeLookUp": 0.872,
		"EyeSquint": 0,
		"EyeWide": 0
	},
	"Keypoints":
	{
		"PupilOffset": [ 98.88641357421875, -93.841590881347656, 182.92140197753906 ],
		"Eye": [ 100.3739013671875, -93.434768676757812, 182.26649475097656 ],
		"Pupil": [ 99.138412475585938, -93.776840209960938, 182.79292297363281 ],
		"EyeCornerOuter": [ 100.144775390625, -94.964813232421875, 182.53962707519531 ],
		"EyeCornerOuter1": [ 99.786346435546875, -94.89642333984375, 182.64715576171875 ],
		"EyeCornerOuter2": [ 100.03589630126953, -95.015647888183594, 182.3978271484375 ],
		"EyeCornerInner": [ 98.985809326171875, -92.136810302734375, 182.1607666015625 ],
		"EyeCornerInner2": [ 98.821205139160156, -92.504898071289062, 182.1099853515625 ],
		"EyeCornerInner1": [ 98.973411560058594, -92.309738159179688, 182.36846923828125 ],
		"EyelidLower2": [ 98.76507568359375, -93.77880859375, 181.99656677246094 ],
		"EyelidLower3": [ 99.123687744140625, -94.612068176269531, 182.16476440429688 ],
		"EyelidLower1": [ 98.71270751953125, -92.989173889160156, 182.03668212890625 ],
		"EyelidUpper1": [ 98.935714721679688, -92.926170349121094, 183.0596923828125 ],
		"EyelidUpper2": [ 98.917755126953125, -93.800537109375, 183.33511352539062 ],
		"EyelidUpper3": [ 99.334129333496094, -94.673332214355469, 183.14190673828125 ]
	}
}