{
	"Camera":
	{
		"ViewProjection": [
			[ 0.22473461925983429, -0.044752463698387146, 0, 0.97824227809906006 ],
			[ 0.89952129125595093, 0.37546882033348083, 0, -0.19617205858230591 ],
			[ -0.18883189558982849, 1.7353686094284058, 0, 0.067517966032028198 ],
			[ 89.605583190917969, -280.23037719726562, 1, -122.94561767578125 ]
		]
	},
	"Overall":
	{
		"Side": "left",
		"GazeWorld": [ -0.98606723546981812, -0.13104718923568726, 0.1024610847234726 ],
		"GazeImage": [ -0.99805257848288853, -0.062378286155180533 ]
	},
	"Parameters":
	{
		"EyeBlink": 0.32300000000000001,
		"EyeLookDown": 0,
		"EyeLookIn": 0.318,
		"EyeLookOut": 0.096000000000000002,
		"EyeLookUp": 0.17399999999999999,
		"EyeSquint": 0,
		"EyeWide": 0.29599999999999999
	},
	"Keypoints":
	{
		"PupilOffset": [ 98.835723876953125, -86.588241577148438, 182.52851867675781 ],
		"EyelidLower2": [ 98.951339721679688, -86.313880920410156, 181.77513122558594 ],
		"EyelidLower1": [ 99.013755798339844, -87.151298522949219, 181.84364318847656 ],
		"EyelidLower3": [ 99.22698974609375, -85.480293273925781, 181.90423583984375 ],
		"EyeCornerOuter": [ 99.855690002441406, -85.03106689453125, 182.21458435058594 ],
		"EyeCornerOuter2": [ 99.787910461425781, -85.014106750488281, 182.1002197265625 ],
		"EyeCornerOuter1": [ 99.6014404296875, -85.035888671875, 182.35536193847656 ],
		"EyeCornerInner": [ 99.211845397949219, -87.933502197265625, 182.05801391601562 ],
		"EyeCornerInner1": [ 99.167945861816406, -87.777671813964844, 182.24093627929688 ],
		"EyeCornerInner2": [ 99.198783874511719, -87.65673828125, 181.96888732910156 ],
		"Eye": [ 100.48818206787109, -86.466102600097656, 182.43212890625 ],
		"Pupil": [ 99.123001098632812, -86.560150146484375, 182.49880981445312 ],
		"EyelidUpper2": [ 98.764633178710938, -86.341011047363281, 182.86381530761719 ],
		"EyelidUpper3": [ 99.072280883789062, -85.474739074707031, 182.69085693359375 ],
		"EyelidUpper1": [ 98.918846130371094, -87.165046691894531, 182.682861328125 ]
	}
}