{
	"Camera":
	{
		"ViewProjection": [
			[ 0.21813014149665833, -0.14245927333831787, 0, 0.97672069072723389 ],
			[ 0.89880198240280151, 0.41683310270309448, 0, -0.17557406425476074 ],
			[ -0.19968929886817932, 1.7205924987792969, 0, 0.12324899435043335 ],
			[ 98.891510009765625, -261.19851684570312, 1, -132.08061218261719 ]
		]
	},
	"Overall":
	{
		"Side": "right",
		"GazeWorld": [ -0.94822746515274048, 0.31403884291648865, 0.047373473644256592 ],
		"GazeImage": [ 0.73715414020074144, -0.67572462851734627 ]
	},
	"Parameters":
	{
		"EyeBlink": 0,
		"EyeLookDown": 0,
		"EyeLookIn": 0.48699999999999999,
		"EyeLookOut": 0,
		"EyeLookUp": 0.088999999999999996,
		"EyeSquint": 0.017000000000000001,
		"EyeWide": 0.10000000000000001
	},
	"Keypoints":
	{
		"PupilOffset": [ 98.782096862792969, -93.00836181640625, 182.43235778808594 ],
		"Eye": [ 100.39740753173828, -93.453872680664062, 182.44679260253906 ],
		"Pupil": [ 99.060226440429688, -93.089942932128906, 182.41862487792969 ],
		"EyeCornerOuter": [ 99.584831237792969, -94.896438598632812, 182.28291320800781 ],
		"EyeCornerOuter1": [ 99.316368103027344, -94.901885986328125, 182.42105102539062 ],
		"EyeCornerOuter2": [ 99.39251708984375, -94.959205627441406, 182.13766479492188 ],
		"EyeCornerInner": [ 99.129180908203125, -92.008575439453125, 182.12614440917969 ],
		"EyeCornerInner2": [ 99.0538330078125, -92.333686828613281, 182.01322937011719 ],
		"EyeCornerInner1": [ 99.133934020996094, -92.212547302246094, 182.3458251953125 ],
		"EyelidLower2": [ 98.733078002929688, -93.595451354980469, 181.97337341308594 ],
		"EyelidLower3": [ 99.054237365722656, -94.412399291992188, 182.15481567382812 ],
		"EyelidLower1": [ 98.817909240722656, -92.835197448730469, 181.97450256347656 ],
		"EyelidUpper1": [ 98.803184509277344, -92.762298583984375, 182.836181640625 ],
		"EyelidUpper2": [ 98.665641784667969, -93.565750122070312, 182.91165161132812 ],
		"EyelidUpper3": [ 98.965682983398438, -94.507240295410156, 182.71620178222656 ]
	}
}