{
	"Camera":
	{
		"ViewProjection": [
			[ 0.27953663468360901, -0.12834322452545166, 0, 0.96170419454574585 ],
			[ 0.89392232894897461, -0.22407545149326324, 0, -0.2717900276184082 ],
			[ 0.13440276682376862, 1.7572144269943237, 0, 0.035431120544672012 ],
			[ 24.737375259399414, -326.98992919921875, 1, -121.94487762451172 ]
		]
	},
	"Overall":
	{
		"Side": "left",
		"GazeWorld": [ -0.85822725296020508, 0.47652196884155273, 0.19071674346923828 ],
		"GazeImage": [ 0.72701315254981747, -0.68662353296371648 ]
	},
	"Parameters":
	{
		"EyeBlink": 0,
		"EyeLookDown": 0,
		"EyeLookIn": 0,
		"EyeLookOut": 0.68500000000000005,
		"EyeLookUp": 0.36599999999999999,
		"EyeSquint": 0.023,
		"EyeWide": 0
	},
	"Keypoints":
	{
		"PupilOffset": [ 99.095298767089844, -85.636222839355469, 182.68031311035156 ],
		"EyelidLower2": [ 98.966110229492188, -86.171455383300781, 181.82456970214844 ],
		"EyelidLower1": [ 98.927680969238281, -86.992378234863281, 181.88639831542969 ],
		"EyelidLower3": [ 99.313697814941406, -85.344314575195312, 181.93106079101562 ],
		"EyeCornerOuter": [ 100.16936492919922, -84.994255065917969, 182.39682006835938 ],
		"EyeCornerOuter2": [ 100.13423156738281, -84.99981689453125, 182.26315307617188 ],
		"EyeCornerOuter1": [ 99.900352478027344, -85.006851196289062, 182.53265380859375 ],
		"EyeCornerInner": [ 99.102981567382812, -87.834999084472656, 182.09634399414062 ],
		"EyeCornerInner1": [ 99.041976928710938, -87.7059326171875, 182.31697082519531 ],
		"EyeCornerInner2": [ 99.016067504882812, -87.555145263671875, 181.98622131347656 ],
		"Eye": [ 100.48204040527344, -86.514274597167969, 182.4371337890625 ],
		"Pupil": [ 99.339332580566406, -85.783157348632812, 182.625 ],
		"EyelidUpper2": [ 98.85137939453125, -86.14031982421875, 183.12361145019531 ],
		"EyelidUpper3": [ 99.175445556640625, -85.210525512695312, 182.96479797363281 ],
		"EyelidUpper1": [ 98.910308837890625, -86.991188049316406, 182.83950805664062 ]
	}
}