{
	"Camera":
	{
		"ViewProjection": [
			[ -0.20526064932346344, -0.62042641639709473, 0, 0.90409618616104126 ],
			[ 0.91443783044815063, -0.37042665481567383, 0, 0.18130950629711151 ],
			[ 0.13028140366077423, 1.6224483251571655, 0, 0.38695859909057617 ],
			[ 82.310569763183594, -269.29934692382812, 1, -140.58651733398438 ]
		]
	},
	"Overall":
	{
		"Side": "right",
		"GazeWorld": [ -0.95920848846435547, -0.12098962813615799, 0.25550013780593872 ],
		"GazeImage": [ 0.25163385176495073, -0.96782250678827209 ]
	},
	"Parameters":
	{
		"EyeBlink": 0.039,
		"EyeLookDown": 0,
		"EyeLookIn": 0,
		"EyeLookOut": 0.16900000000000001,
		"EyeLookUp": 0.48899999999999999,
		"EyeSquint": 0.16900000000000001,
		"EyeWide": 0.055
	},
	"Keypoints":
	{
		"PupilOffset": [ 98.76751708984375, -93.73272705078125, 182.69384765625 ],
		"Eye": [ 100.3837890625, -93.444816589355469, 182.35821533203125 ],
		"Pupil": [ 99.04443359375, -93.687721252441406, 182.6197509765625 ],
		"EyeCornerOuter": [ 99.851806640625, -94.904403686523438, 182.41194152832031 ],
		"EyeCornerOuter1": [ 99.534164428710938, -94.886039733886719, 182.51652526855469 ],
		"EyeCornerOuter2": [ 99.728317260742188, -94.967063903808594, 182.29808044433594 ],
		"EyeCornerInner": [ 99.019081115722656, -92.131492614746094, 182.15074157714844 ],
		"EyeCornerInner2": [ 98.899833679199219, -92.45928955078125, 182.08464050292969 ],
		"EyeCornerInner1": [ 99.006858825683594, -92.294105529785156, 182.35227966308594 ],
		"EyelidLower2": [ 98.702644348144531, -93.687530517578125, 182.05068969726562 ],
		"EyelidLower3": [ 99.071189880371094, -94.509620666503906, 182.21170043945312 ],
		"EyelidLower1": [ 98.747879028320312, -92.924270629882812, 182.08514404296875 ],
		"EyelidUpper1": [ 98.84906005859375, -92.880523681640625, 182.91030883789062 ],
		"EyelidUpper2": [ 98.765998840332031, -93.719688415527344, 183.11540222167969 ],
		"EyelidUpper3": [ 99.139755249023438, -94.607673645019531, 182.92147827148438 ]
	}
}