{
	"Camera":
	{
		"ViewProjection": [
			[ -0.16759592294692993, -0.62192714214324951, 0, 0.9136233925819397 ],
			[ 0.90887105464935303, -0.47089481353759766, 0, 0.11513275653123856 ],
			[ 0.2028963714838028, 1.5956029891967773, 0, 0.3899189829826355 ],
			[ 58.048969268798828, -270.1903076171875, 1, -149.12451171875 ]
		]
	},
	"Overall":
	{
		"Side": "left",
		"GazeWorld": [ -0.99416279792785645, -4.6821642172290012e-06, 0.10789006948471069 ],
		"GazeImage": [ 0.32432432432432434, -0.94594594594594594 ]
	},
	"Parameters":
	{
		"EyeBlink": 0,
		"EyeLookDown": 0,
		"EyeLookIn": 0,
		"EyeLookOut": 0,
		"EyeLookUp": 0.20599999999999999,
		"EyeSquint": 0.39100000000000001,
		"EyeWide": 0.36399999999999999
	},
	"Keypoints":
	{
		"PupilOffset": [ 98.820693969726562, -86.357681274414062, 182.52613830566406 ],
		"EyelidLower2": [ 98.83575439453125, -86.295021057128906, 181.90594482421875 ],
		"EyelidLower1": [ 98.957244873046875, -87.117965698242188, 181.97682189941406 ],
		"EyelidLower3": [ 99.133468627929688, -85.487579345703125, 182.0428466796875 ],
		"EyeCornerOuter": [ 99.789474487304688, -85.02154541015625, 182.38864135742188 ],
		"EyeCornerOuter2": [ 99.727806091308594, -84.996040344238281, 182.28521728515625 ],
		"EyeCornerOuter1": [ 99.615364074707031, -84.973197937011719, 182.50822448730469 ],
		"EyeCornerInner": [ 99.208114624023438, -87.866729736328125, 182.10140991210938 ],
		"EyeCornerInner1": [ 99.19647216796875, -87.742866516113281, 182.26417541503906 ],
		"EyeCornerInner2": [ 99.12982177734375, -87.619224548339844, 182.05105590820312 ],
		"Eye": [ 100.474609375, -86.453857421875, 182.42073059082031 ],
		"Pupil": [ 99.109001159667969, -86.367683410644531, 182.49484252929688 ],
		"EyelidUpper2": [ 98.811141967773438, -86.26959228515625, 183.19590759277344 ],
		"EyelidUpper3": [ 99.119346618652344, -85.400955200195312, 182.99412536621094 ],
		"EyelidUpper1": [ 98.893821716308594, -87.102256774902344, 182.95399475097656 ]
	}
}