{
	"Camera":
	{
		"ViewProjection": [
			[ -0.20061038434505463, 0.32063457369804382, 0, 0.95305246114730835 ],
			[ 0.89323002099990845, 0.51864123344421387, 0, 0.18393942713737488 ],
			[ -0.23915961384773254, 1.6681392192840576, 0, -0.24053558707237244 ],
			[ 147.303955078125, -287.389892578125, 1, -30.253250122070312 ]
		]
	},
	"Overall":
	{
		"Side": "right",
		"GazeWorld": [ -0.99052238464355469, -0.010813592933118343, -0.13692477345466614 ],
		"GazeImage": [ 0.7399400733959437, 0.67267279399631241 ]
	},
	"Parameters":
	{
		"EyeBlink": 0.59599999999999997,
		"EyeLookDown": 0.22800000000000001,
		"EyeLookIn": 0,
		"EyeLookOut": 0,
		"EyeLookUp": 0,
		"EyeSquint": 0,
		"EyeWide": 0
	},
	"Keypoints":
	{
		"PupilOffset": [ 98.743583679199219, -93.549346923828125, 182.18963623046875 ],
		"Eye": [ 100.38526153564453, -93.447433471679688, 182.51043701171875 ],
		"Pupil": [ 99.030731201171875, -93.536209106445312, 182.22932434082031 ],
		"EyeCornerOuter": [ 99.727195739746094, -94.766502380371094, 181.93768310546875 ],
		"EyeCornerOuter1": [ 99.414169311523438, -94.83123779296875, 182.031982421875 ],
		"EyeCornerOuter2": [ 99.61004638671875, -94.780158996582031, 181.87361145019531 ],
		"EyeCornerInner": [ 99.126243591308594, -92.087867736816406, 181.90345764160156 ],
		"EyeCornerInner2": [ 99.186111450195312, -92.375656127929688, 181.79560852050781 ],
		"EyeCornerInner1": [ 99.009498596191406, -92.272109985351562, 182.09562683105469 ],
		"EyelidLower2": [ 98.891616821289062, -93.6290283203125, 181.68305969238281 ],
		"EyelidLower3": [ 99.242630004882812, -94.423019409179688, 181.83094787597656 ],
		"EyelidLower1": [ 98.931251525878906, -92.846817016601562, 181.77496337890625 ],
		"EyelidUpper1": [ 98.846763610839844, -92.776382446289062, 182.16319274902344 ],
		"EyelidUpper2": [ 98.64898681640625, -93.572479248046875, 182.24295043945312 ],
		"EyelidUpper3": [ 98.9903564453125, -94.374824523925781, 182.18191528320312 ]
	}
}