{
	"Camera":
	{
		"ViewProjection": [
			[ 0.14611858129501343, -0.51307940483093262, 0, 0.94937586784362793 ],
			[ 0.92510408163070679, 0.32400482892990112, 0, -0.072339318692684174 ],
			[ -0.1346602588891983, 1.6692075729370117, 0, 0.30570000410079956 ],
			[ 96.52825927734375, -223.52603149414062, 1, -153.33821105957031 ]
		]
	},
	"Overall":
	{
		"Side": "right",
		"GazeWorld": [ -0.91059362888336182, 0.043345604091882706, -0.41102349758148193 ],
		"GazeImage": [ 0, 1 ]
	},
	"Parameters":
	{
		"EyeBlink": 0.14199999999999999,
		"EyeLookDown": 0.61499999999999999,
		"EyeLookIn": 0.26700000000000002,
		"EyeLookOut": 0.16900000000000001,
		"EyeLookUp": 0,
		"EyeSquint": 0,
		"EyeWide": 0.52200000000000002
	},
	"Keypoints":
	{
		"PupilOffset": [ 98.817001342773438, -93.426948547363281, 181.80630493164062 ],
		"Eye": [ 100.30431365966797, -93.413536071777344, 182.57688903808594 ],
		"Pupil": [ 99.081550598144531, -93.429527282714844, 181.92549133300781 ],
		"EyeCornerOuter": [ 99.759292602539062, -94.762428283691406, 181.93197631835938 ],
		"EyeCornerOuter1": [ 99.428520202636719, -94.794021606445312, 182.05384826660156 ],
		"EyeCornerOuter2": [ 99.642341613769531, -94.802085876464844, 181.78587341308594 ],
		"EyeCornerInner": [ 99.084434509277344, -92.066818237304688, 181.86347961425781 ],
		"EyeCornerInner2": [ 99.135353088378906, -92.365936279296875, 181.72904968261719 ],
		"EyeCornerInner1": [ 99.034713745117188, -92.290596008300781, 182.04888916015625 ],
		"EyelidLower2": [ 98.949089050292969, -93.729515075683594, 181.51435852050781 ],
		"EyelidLower3": [ 99.360382080078125, -94.54193115234375, 181.75138854980469 ],
		"EyelidLower1": [ 98.93975830078125, -92.934043884277344, 181.593994140625 ],
		"EyelidUpper1": [ 98.576828002929688, -92.858963012695312, 182.35054016113281 ],
		"EyelidUpper2": [ 98.509330749511719, -93.67681884765625, 182.376708984375 ],
		"EyelidUpper3": [ 98.949737548828125, -94.534454345703125, 182.27577209472656 ]
	}
}