{
	"Camera":
	{
		"ViewProjection": [
			[ -0.22779950499534607, -0.40236681699752808, 0, 0.93552148342132568 ],
			[ 0.91804027557373047, -0.14626099169254303, 0, 0.25903916358947754 ],
			[ 0.024717759341001511, 1.7237144708633423, 0, 0.24020418524742126 ],
			[ 104.08650207519531, -288.3367919921875, 1, -108.46968078613281 ]
		]
	},
	"Overall":
	{
		"Side": "right",
		"GazeWorld": [ -0.888691246509552, -0.41053161025047302, -0.20418518781661987 ],
		"GazeImage": [ -1, 0 ]
	},
	"Parameters":
	{
		"EyeBlink": 0.036999999999999998,
		"EyeLookDown": 0.29699999999999999,
		"EyeLookIn": 0,
		"EyeLookOut": 0.58399999999999996,
		"EyeLookUp": 0,
		"EyeSquint": 0.29999999999999999,
		"EyeWide": 0.46400000000000002
	},
	"Keypoints":
	{
		"PupilOffset": [ 98.893829345703125, -94.155296325683594, 182.11814880371094 ],
		"Eye": [ 100.32665252685547, -93.402664184570312, 182.55023193359375 ],
		"Pupil": [ 99.147354125976562, -94.02716064453125, 182.1773681640625 ],
		"EyeCornerOuter": [ 99.892410278320312, -94.825080871582031, 182.15419006347656 ],
		"EyeCornerOuter1": [ 99.602996826171875, -94.855506896972656, 182.28604125976562 ],
		"EyeCornerOuter2": [ 99.858016967773438, -94.811302185058594, 182.00990295410156 ],
		"EyeCornerInner": [ 98.937294006347656, -92.187812805175781, 182.04835510253906 ],
		"EyeCornerInner2": [ 98.911643981933594, -92.478721618652344, 181.94078063964844 ],
		"EyeCornerInner1": [ 98.910720825195312, -92.367233276367188, 182.21923828125 ],
		"EyelidLower2": [ 98.832939147949219, -93.793006896972656, 181.75559997558594 ],
		"EyelidLower3": [ 99.220512390136719, -94.594154357910156, 181.93252563476562 ],
		"EyelidLower1": [ 98.814544677734375, -93.025848388671875, 181.84013366699219 ],
		"EyelidUpper1": [ 98.621124267578125, -92.97564697265625, 182.56878662109375 ],
		"EyelidUpper2": [ 98.571624755859375, -93.826278686523438, 182.73399353027344 ],
		"EyelidUpper3": [ 99.000167846679688, -94.685386657714844, 182.58079528808594 ]
	}
}