{
	"Camera":
	{
		"ViewProjection": [
			[ -0.024034347385168076, 0.4217437207698822, 0, 0.96969902515411377 ],
			[ 0.93437153100967407, 0.27909842133522034, 0, 0.01935734786093235 ],
			[ -0.14722126722335815, 1.7025629281997681, 0, -0.24353504180908203 ],
			[ 109.84564208984375, -328.52316284179688, 1, -46.468013763427734 ]
		]
	},
	"Overall":
	{
		"Side": "left",
		"GazeWorld": [ -0.99428051710128784, 3.1326403586717788e-06, -0.10679984092712402 ],
		"GazeImage": [ 0, 1 ]
	},
	"Parameters":
	{
		"EyeBlink": 0,
		"EyeLookDown": 0.153,
		"EyeLookIn": 0,
		"EyeLookOut": 0,
		"EyeLookUp": 0,
		"EyeSquint": 0,
		"EyeWide": 0.28199999999999997
	},
	"Keypoints":
	{
		"PupilOffset": [ 98.834892272949219, -86.366676330566406, 182.22966003417969 ],
		"EyelidLower2": [ 98.929824829101562, -86.2540283203125, 181.71090698242188 ],
		"EyelidLower1": [ 99.022384643554688, -87.064186096191406, 181.79420471191406 ],
		"EyelidLower3": [ 99.286117553710938, -85.455718994140625, 181.87106323242188 ],
		"EyeCornerOuter": [ 99.783409118652344, -85.065101623535156, 182.13412475585938 ],
		"EyeCornerOuter2": [ 99.7451171875, -84.98443603515625, 182.03929138183594 ],
		"EyeCornerOuter1": [ 99.54229736328125, -85.044235229492188, 182.2572021484375 ],
		"EyeCornerInner": [ 99.234878540039062, -87.8319091796875, 181.9581298828125 ],
		"EyeCornerInner1": [ 99.19189453125, -87.710540771484375, 182.16529846191406 ],
		"EyeCornerInner2": [ 99.227821350097656, -87.591026306152344, 181.84059143066406 ],
		"Eye": [ 100.47323608398438, -86.462860107421875, 182.47895812988281 ],
		"Pupil": [ 99.12322998046875, -86.376678466796875, 182.26063537597656 ],
		"EyelidUpper2": [ 98.733612060546875, -86.277145385742188, 182.90185546875 ],
		"EyelidUpper3": [ 99.046653747558594, -85.40728759765625, 182.69587707519531 ],
		"EyelidUpper1": [ 98.851448059082031, -87.109855651855469, 182.73553466796875 ]
	}
}