{
	"Camera":
	{
		"ViewProjection": [
			[ 0.25559234619140625, 0.13575796782970428, 0, 0.96801751852035522 ],
			[ 0.88828945159912109, -0.43024778366088867, 0, -0.21436414122581482 ],
			[ 0.20227710902690887, 1.7178301811218262, 0, -0.13034611940383911 ],
			[ 20.816976547241211, -366.92721557617188, 1, -89.480171203613281 ]
		]
	},
	"Overall":
	{
		"Side": "right",
		"GazeWorld": [ -0.90347141027450562, -0.42818489670753479, -0.019922077655792236 ],
		"GazeImage": [ -0.9938837346736189, -0.11043152607484655 ]
	},
	"Parameters":
	{
		"EyeBlink": 0.35299999999999998,
		"EyeLookDown": 0.047,
		"EyeLookIn": 0,
		"EyeLookOut": 0.58999999999999997,
		"EyeLookUp": 0,
		"EyeSquint": 0.023,
		"EyeWide": 0
	},
	"Keypoints":
	{
		"PupilOffset": [ 98.90313720703125, -94.203811645507812, 182.38447570800781 ],
		"Eye": [ 100.37561798095703, -93.414802551269531, 182.51116943359375 ],
		"Pupil": [ 99.160858154296875, -94.070602416992188, 182.3902587890625 ],
		"EyeCornerOuter": [ 99.917770385742188, -94.906730651855469, 182.11587524414062 ],
		"EyeCornerOuter1": [ 99.612297058105469, -94.917579650878906, 182.24003601074219 ],
		"EyeCornerOuter2": [ 99.904716491699219, -94.871498107910156, 182.00630187988281 ],
		"EyeCornerInner": [ 98.946426391601562, -92.193572998046875, 182.00930786132812 ],
		"EyeCornerInner2": [ 98.936775207519531, -92.494140625, 181.89093017578125 ],
		"EyeCornerInner1": [ 98.860679626464844, -92.370361328125, 182.21986389160156 ],
		"EyelidLower2": [ 98.889129638671875, -93.742378234863281, 181.78099060058594 ],
		"EyelidLower3": [ 99.213737487792969, -94.564521789550781, 181.91673278808594 ],
		"EyelidLower1": [ 98.850723266601562, -92.972114562988281, 181.85414123535156 ],
		"EyelidUpper1": [ 98.763137817382812, -92.89947509765625, 182.41062927246094 ],
		"EyelidUpper2": [ 98.65570068359375, -93.762832641601562, 182.61225891113281 ],
		"EyelidUpper3": [ 99.01068115234375, -94.624855041503906, 182.50321960449219 ]
	}
}