{
	"Camera":
	{
		"ViewProjection": [
			[ 0.15188659727573395, 0.13255997002124786, 0, 0.98887616395950317 ],
			[ 0.91239440441131592, 0.35708841681480408, 0, -0.14123782515525818 ],
			[ -0.19942083954811096, 1.7347619533538818, 0, -0.046644844114780426 ],
			[ 106.81623077392578, -296.55377197265625, 1, -98.841575622558594 ]
		]
	},
	"Overall":
	{
		"Side": "right",
		"GazeWorld": [ -0.95736205577850342, 0.089601144194602966, -0.27464419603347778 ],
		"GazeImage": [ 0.19611613513818404, 0.98058067569092011 ]
	},
	"Parameters":
	{
		"EyeBlink": 0,
		"EyeLookDown": 0.39900000000000002,
		"EyeLookIn": 0.14199999999999999,
		"EyeLookOut": 0,
		"EyeLookUp": 0,
		"EyeSquint": 0,
		"EyeWide": 0
	},
	"Keypoints":
	{
		"PupilOffset": [ 98.755332946777344, -93.373947143554688, 181.98797607421875 ],
		"Eye": [ 100.33748626708984, -93.437515258789062, 182.53594970703125 ],
		"Pupil": [ 99.033897399902344, -93.389976501464844, 182.067626953125 ],
		"EyeCornerOuter": [ 99.963020324707031, -94.911979675292969, 182.05712890625 ],
		"EyeCornerOuter1": [ 99.652053833007812, -94.92144775390625, 182.14779663085938 ],
		"EyeCornerOuter2": [ 99.824874877929688, -94.91925048828125, 181.93569946289062 ],
		"EyeCornerInner": [ 99.132354736328125, -92.05255126953125, 181.88970947265625 ],
		"EyeCornerInner2": [ 99.128150939941406, -92.373252868652344, 181.78382873535156 ],
		"EyeCornerInner1": [ 99.088546752929688, -92.275985717773438, 182.07730102539062 ],
		"EyelidLower2": [ 98.996307373046875, -93.739013671875, 181.49960327148438 ],
		"EyelidLower3": [ 99.389396667480469, -94.540359497070312, 181.69847106933594 ],
		"EyelidLower1": [ 98.94677734375, -92.930122375488281, 181.61392211914062 ],
		"EyelidUpper1": [ 98.660942077636719, -92.843589782714844, 182.46676635742188 ],
		"EyelidUpper2": [ 98.585914611816406, -93.685768127441406, 182.54707336425781 ],
		"EyelidUpper3": [ 99.031661987304688, -94.571929931640625, 182.43733215332031 ]
	}
}