{
	"Camera":
	{
		"ViewProjection": [
			[ -0.30276241898536682, 0.46045562624931335, 0, 0.90038889646530151 ],
			[ 0.89145958423614502, -0.025508256629109383, 0, 0.36523237824440002 ],
			[ 0.094532854855060577, 1.7151715755462646, 0, -0.23644246160984039 ],
			[ 89.478904724121094, -361.13543701171875, 1, -11.94842529296875 ]
		]
	},
	"Overall":
	{
		"Side": "left",
		"GazeWorld": [ -0.99229806661605835, -0.056053765118122101, 0.11046493053436279 ],
		"GazeImage": [ 0.5240974256643347, 0.85165831670454395 ]
	},
	"Parameters":
	{
		"EyeBlink": 0.025000000000000001,
		"EyeLookDown": 0.047,
		"EyeLookIn": 0.086999999999999994,
		"EyeLookOut": 0,
		"EyeLookUp": 0.27300000000000002,
		"EyeSquint": 0.61699999999999999,
		"EyeWide": 0
	},
	"Keypoints":
	{
		"PupilOffset": [ 98.819290161132812, -86.454681396484375, 182.52406311035156 ],
		"EyelidLower2": [ 98.774093627929688, -86.375343322753906, 182.00103759765625 ],
		"EyelidLower1": [ 98.953277587890625, -87.180091857910156, 182.06137084960938 ],
		"EyelidLower3": [ 99.050567626953125, -85.568161010742188, 182.11259460449219 ],
		"EyeCornerOuter": [ 99.716110229492188, -85.086875915527344, 182.33137512207031 ],
		"EyeCornerOuter2": [ 99.628189086914062, -85.080657958984375, 182.27601623535156 ],
		"EyeCornerOuter1": [ 99.559494018554688, -84.988189697265625, 182.41104125976562 ],
		"EyeCornerInner": [ 99.186546325683594, -87.882888793945312, 182.13676452636719 ],
		"EyeCornerInner1": [ 99.176307678222656, -87.759971618652344, 182.30445861816406 ],
		"EyeCornerInner2": [ 99.117164611816406, -87.653411865234375, 182.10177612304688 ],
		"Eye": [ 100.47559356689453, -86.4576416015625, 182.41439819335938 ],
		"Pupil": [ 99.107620239257812, -86.448410034179688, 182.49203491210938 ],
		"EyelidUpper2": [ 98.779884338378906, -86.292449951171875, 183.01318359375 ],
		"EyelidUpper3": [ 99.085624694824219, -85.417533874511719, 182.80430603027344 ],
		"EyelidUpper1": [ 98.904380798339844, -87.140815734863281, 182.775390625 ]
	}
}