{
	"Camera":
	{
		"ViewProjection": [
			[ 0.20301914215087891, 0.38648524880409241, 0, 0.9585760235786438 ],
			[ 0.92326986789703369, -0.16111001372337341, 0, -0.16744077205657959 ],
			[ 0.040715537965297699, 1.7260231971740723, 0, -0.23042479157447815 ],
			[ 51.881210327148438, -367.17367553710938, 1, -64.061294555664062 ]
		]
	},
	"Overall":
	{
		"Side": "left",
		"GazeWorld": [ -0.91259151697158813, 0.37255814671516418, -0.16845506429672241 ],
		"GazeImage": [ 0.34731435582359393, 0.93774876072370361 ]
	},
	"Parameters":
	{
		"EyeBlink": 0,
		"EyeLookDown": 0.24199999999999999,
		"EyeLookIn": 0,
		"EyeLookOut": 0.52400000000000002,
		"EyeLookUp": 0,
		"EyeSquint": 0,
		"EyeWide": 0
	},
	"Keypoints":
	{
		"PupilOffset": [ 99.014907836914062, -85.814476013183594, 182.17530822753906 ],
		"EyelidLower2": [ 99.025779724121094, -86.2001953125, 181.6571044921875 ],
		"EyelidLower1": [ 99.031761169433594, -87.005134582519531, 181.74752807617188 ],
		"EyelidLower3": [ 99.398643493652344, -85.397705078125, 181.78404235839844 ],
		"EyeCornerOuter": [ 100.05003356933594, -85.113456726074219, 182.05790710449219 ],
		"EyeCornerOuter2": [ 100.04368591308594, -85.084205627441406, 181.96562194824219 ],
		"EyeCornerOuter1": [ 99.719940185546875, -85.079048156738281, 182.18478393554688 ],
		"EyeCornerInner": [ 99.158157348632812, -87.799156188964844, 181.9444580078125 ],
		"EyeCornerInner1": [ 99.064895629882812, -87.670242309570312, 182.17872619628906 ],
		"EyeCornerInner2": [ 99.172401428222656, -87.562126159667969, 181.79576110839844 ],
		"Eye": [ 100.47808074951172, -86.514297485351562, 182.52580261230469 ],
		"Pupil": [ 99.275779724121094, -85.931777954101562, 182.22415161132812 ],
		"EyelidUpper2": [ 98.746650695800781, -86.217857360839844, 182.68687438964844 ],
		"EyelidUpper3": [ 99.07232666015625, -85.309165954589844, 182.52340698242188 ],
		"EyelidUpper1": [ 98.862442016601562, -87.064315795898438, 182.51435852050781 ]
	}
}