{
	"Camera":
	{
		"ViewProjection": [
			[ 0.059977702796459198, 0.084581740200519562, 0, 0.99837464094161987 ],
			[ 0.94359016418457031, 0.063451342284679413, 0, -0.032803721725940704 ],
			[ -0.03663596510887146, 1.7729364633560181, 0, -0.046606019139289856 ],
			[ 89.065864562988281, -326.03485107421875, 1, -90.301406860351562 ]
		]
	},
	"Overall":
	{
		"Side": "right",
		"GazeWorld": [ -0.99967622756958008, -0.011374810710549355, 0.022757530212402344 ],
		"GazeImage": [ -0.70710678118654746, 0.70710678118654746 ]
	},
	"Parameters":
	{
		"EyeBlink": 0.627,
		"EyeLookDown": 0,
		"EyeLookIn": 0,
		"EyeLookOut": 0,
		"EyeLookUp": 0,
		"EyeSquint": 0,
		"EyeWide": 0.069000000000000006
	},
	"Keypoints":
	{
		"PupilOffset": [ 98.748069763183594, -93.561729431152344, 182.41921997070312 ],
		"Eye": [ 100.42003631591797, -93.458877563476562, 182.47471618652344 ],
		"Pupil": [ 99.037864685058594, -93.548431396484375, 182.41262817382812 ],
		"EyeCornerOuter": [ 99.566085815429688, -94.788276672363281, 182.06039428710938 ],
		"EyeCornerOuter1": [ 99.276420593261719, -94.837806701660156, 182.15892028808594 ],
		"EyeCornerOuter2": [ 99.427001953125, -94.833335876464844, 181.99411010742188 ],
		"EyeCornerInner": [ 99.111503601074219, -92.101303100585938, 181.97979736328125 ],
		"EyeCornerInner2": [ 99.131256103515625, -92.391090393066406, 181.8828125 ],
		"EyeCornerInner1": [ 99.010833740234375, -92.263092041015625, 182.17668151855469 ],
		"EyelidLower2": [ 98.805702209472656, -93.588005065917969, 181.87272644042969 ],
		"EyelidLower3": [ 99.134719848632812, -94.392524719238281, 182.01728820800781 ],
		"EyelidLower1": [ 98.888069152832031, -92.831291198730469, 181.92808532714844 ],
		"EyelidUpper1": [ 98.837944030761719, -92.77587890625, 182.31417846679688 ],
		"EyelidUpper2": [ 98.621307373046875, -93.556121826171875, 182.40754699707031 ],
		"EyelidUpper3": [ 98.899459838867188, -94.375518798828125, 182.34237670898438 ]
	}
}