{
	"Camera":
	{
		"ViewProjection": [
			[ -0.21289575099945068, -0.26065918803215027, 0, 0.95547491312026978 ],
			[ 0.91947418451309204, -0.18842360377311707, 0, 0.2421908974647522 ],
			[ 0.067411556839942932, 1.7467217445373535, 0, 0.16855639219284058 ],
			[ 88.0784912109375, -309.23110961914062, 1, -100.61941528320312 ]
		]
	},
	"Overall":
	{
		"Side": "left",
		"GazeWorld": [ -0.98618286848068237, 1.0456315067131072e-05, 0.16566021740436554 ],
		"GazeImage": [ 0.46574643283262229, -0.88491822238198237 ]
	},
	"Parameters":
	{
		"EyeBlink": 0.26700000000000002,
		"EyeLookDown": 0,
		"EyeLookIn": 0.0070000000000000001,
		"EyeLookOut": 0,
		"EyeLookUp": 0.29999999999999999,
		"EyeSquint": 0.13,
		"EyeWide": 0
	},
	"Keypoints":
	{
		"PupilOffset": [ 98.84002685546875, -86.357765197753906, 182.60484313964844 ],
		"EyelidLower2": [ 98.882537841796875, -86.299598693847656, 181.85343933105469 ],
		"EyelidLower1": [ 98.98370361328125, -87.125625610351562, 181.93348693847656 ],
		"EyelidLower3": [ 99.180381774902344, -85.481826782226562, 181.98143005371094 ],
		"EyeCornerOuter": [ 99.830734252929688, -85.02642822265625, 182.25697326660156 ],
		"EyeCornerOuter2": [ 99.770843505859375, -85.006278991699219, 182.19139099121094 ],
		"EyeCornerOuter1": [ 99.605384826660156, -84.989936828613281, 182.34422302246094 ],
		"EyeCornerInner": [ 99.179206848144531, -87.872207641601562, 182.0733642578125 ],
		"EyeCornerInner1": [ 99.129547119140625, -87.751213073730469, 182.25384521484375 ],
		"EyeCornerInner2": [ 99.140464782714844, -87.621307373046875, 181.99391174316406 ],
		"Eye": [ 100.48497772216797, -86.45391845703125, 182.4034423828125 ],
		"Pupil": [ 99.126022338867188, -86.367767333984375, 182.55680847167969 ],
		"EyelidUpper2": [ 98.780563354492188, -86.277069091796875, 182.8697509765625 ],
		"EyelidUpper3": [ 99.105049133300781, -85.440879821777344, 182.6856689453125 ],
		"EyelidUpper1": [ 98.942543029785156, -87.0960693359375, 182.63502502441406 ]
	}
}