{
	"Camera":
	{
		"ViewProjection": [
			[ -0.20867978036403656, -0.26538234949111938, 0, 0.95624071359634399 ],
			[ 0.89884865283966064, -0.45657038688659668, 0, 0.20821210741996765 ],
			[ 0.2093455046415329, 1.6957591772079468, 0, 0.20555168390274048 ],
			[ 59.999282836914062, -322.7308349609375, 1, -111.33187866210938 ]
		]
	},
	"Overall":
	{
		"Side": "left",
		"GazeWorld": [ -0.99441945552825928, 0.10548868030309677, 0.0014287829399108887 ],
		"GazeImage": [ 0.93200467154129585, -0.36244626115494838 ]
	},
	"Parameters":
	{
		"EyeBlink": 0.041000000000000002,
		"EyeLookDown": 0,
		"EyeLookIn": 0.33300000000000002,
		"EyeLookOut": 0.437,
		"EyeLookUp": 0,
		"EyeSquint": 0,
		"EyeWide": 0.67200000000000004
	},
	"Keypoints":
	{
		"PupilOffset": [ 98.8447265625, -86.226493835449219, 182.41632080078125 ],
		"EyelidLower2": [ 99.028511047363281, -86.223297119140625, 181.71476745605469 ],
		"EyelidLower1": [ 99.001220703125, -87.067581176757812, 181.76730346679688 ],
		"EyelidLower3": [ 99.3343505859375, -85.386192321777344, 181.8480224609375 ],
		"EyeCornerOuter": [ 100.03304290771484, -84.986000061035156, 182.32832336425781 ],
		"EyeCornerOuter2": [ 99.983573913574219, -84.988792419433594, 182.12203979492188 ],
		"EyeCornerOuter1": [ 99.75421142578125, -85.017601013183594, 182.55343627929688 ],
		"EyeCornerInner": [ 99.210739135742188, -87.914009094238281, 182.06349182128906 ],
		"EyeCornerInner1": [ 99.177459716796875, -87.738815307617188, 182.25419616699219 ],
		"EyeCornerInner2": [ 99.168289184570312, -87.61480712890625, 181.953369140625 ],
		"Eye": [ 100.48053741455078, -86.496414184570312, 182.48721313476562 ],
		"Pupil": [ 99.132049560546875, -86.26702880859375, 182.41590881347656 ],
		"EyelidUpper2": [ 98.814979553222656, -86.273849487304688, 183.20463562011719 ],
		"EyelidUpper3": [ 99.135093688964844, -85.337112426757812, 183.03903198242188 ],
		"EyelidUpper1": [ 98.872261047363281, -87.103744506835938, 183.00718688964844 ]
	}
}