{
	"Camera":
	{
		"ViewProjection": [
			[ 0.11361297965049744, 0.059242669492959976, 0, 0.99556690454483032 ],
			[ 0.91129553318023682, 0.42368066310882568, 0, -0.093359693884849548 ],
			[ -0.22789092361927032, 1.7237948179244995, 0, -0.011423652991652489 ],
			[ 115.65041351318359, -280.98214721679688, 1, -102.16653442382812 ]
		]
	},
	"Overall":
	{
		"Side": "right",
		"GazeWorld": [ -0.99999910593032837, -0.00056111824233084917, 0.001123964786529541 ],
		"GazeImage": [ -0.70710678118654746, 0.70710678118654746 ]
	},
	"Parameters":
	{
		"EyeBlink": 0.031,
		"EyeLookDown": 0,
		"EyeLookIn": 0,
		"EyeLookOut": 0,
		"EyeLookUp": 0,
		"EyeSquint": 0.17999999999999999,
		"EyeWide": 0
	},
	"Keypoints":
	{
		"PupilOffset": [ 98.725143432617188, -93.543632507324219, 182.38304138183594 ],
		"Eye": [ 100.39653015136719, -93.458877563476562, 182.47471618652344 ],
		"Pupil": [ 99.01513671875, -93.533470153808594, 182.38272094726562 ],
		"EyeCornerOuter": [ 99.877548217773438, -94.961654663085938, 182.29196166992188 ],
		"EyeCornerOuter1": [ 99.6207275390625, -94.980911254882812, 182.38583374023438 ],
		"EyeCornerOuter2": [ 99.719108581542969, -94.971626281738281, 182.18577575683594 ],
		"EyeCornerInner": [ 99.106338500976562, -92.078926086425781, 182.06193542480469 ],
		"EyeCornerInner2": [ 99.025154113769531, -92.410079956054688, 181.98184204101562 ],
		"EyeCornerInner1": [ 99.076713562011719, -92.25457763671875, 182.25129699707031 ],
		"EyelidLower2": [ 98.819435119628906, -93.694419860839844, 181.81509399414062 ],
		"EyelidLower3": [ 99.177886962890625, -94.486183166503906, 181.96469116210938 ],
		"EyelidLower1": [ 98.844657897949219, -92.912918090820312, 181.90069580078125 ],
		"EyelidUpper1": [ 98.776268005371094, -92.844818115234375, 182.69296264648438 ],
		"EyelidUpper2": [ 98.673072814941406, -93.6859130859375, 182.93211364746094 ],
		"EyelidUpper3": [ 99.051017761230469, -94.569450378417969, 182.77468872070312 ]
	}
}