{
	"Camera":
	{
		"ViewProjection": [
			[ 0.2364165335893631, 0.34591659903526306, 0, 0.95605534315109253 ],
			[ 0.91584444046020508, -0.13720023632049561, 0, -0.20763863623142242 ],
			[ 0.025258472189307213, 1.736663818359375, 0, -0.20698893070220947 ],
			[ 50.749378204345703, -363.05056762695312, 1, -72.046829223632812 ]
		]
	},
	"Overall":
	{
		"Side": "left",
		"GazeWorld": [ -0.99922072887420654, 1.567333129059989e-06, -0.039468586444854736 ],
		"GazeImage": [ -0.81153434145149439, 0.58430472584507598 ]
	},
	"Parameters":
	{
		"EyeBlink": 0,
		"EyeLookDown": 0.057000000000000002,
		"EyeLookIn": 0,
		"EyeLookOut": 0,
		"EyeLookUp": 0,
		"EyeSquint": 0.96299999999999997,
		"EyeWide": 0
	},
	"Keypoints":
	{
		"PupilOffset": [ 98.822265625, -86.36102294921875, 182.32789611816406 ],
		"EyelidLower2": [ 98.716552734375, -86.4554443359375, 182.08396911621094 ],
		"EyelidLower1": [ 98.977088928222656, -87.2237548828125, 182.14727783203125 ],
		"EyelidLower3": [ 98.975494384765625, -85.670867919921875, 182.18681335449219 ],
		"EyeCornerOuter": [ 99.480087280273438, -85.180870056152344, 182.19525146484375 ],
		"EyeCornerOuter2": [ 99.417823791503906, -85.152397155761719, 182.18359375 ],
		"EyeCornerOuter1": [ 99.353553771972656, -85.030242919921875, 182.22265625 ],
		"EyeCornerInner": [ 99.182998657226562, -87.852409362792969, 182.13761901855469 ],
		"EyeCornerInner1": [ 99.172080993652344, -87.742164611816406, 182.29745483398438 ],
		"EyeCornerInner2": [ 99.144966125488281, -87.6629638671875, 182.12263488769531 ],
		"Eye": [ 100.47377777099609, -86.457206726074219, 182.46630859375 ],
		"Pupil": [ 99.112037658691406, -86.371025085449219, 182.33934020996094 ],
		"EyelidUpper2": [ 98.740058898925781, -86.294097900390625, 182.83541870117188 ],
		"EyelidUpper3": [ 98.999298095703125, -85.435638427734375, 182.63011169433594 ],
		"EyelidUpper1": [ 98.883995056152344, -87.127349853515625, 182.599365234375 ]
	}
}