{
	"Camera":
	{
		"ViewProjection": [
			[ 0.23522202670574188, -0.43483611941337585, 0, 0.94474923610687256 ],
			[ 0.90077292919158936, 0.42665690183639526, 0, -0.15888629853725433 ],
			[ -0.16905774176120758, 1.668342113494873, 0, 0.2867124080657959 ],
			[ 84.93017578125, -224.85400390625, 1, -156.74269104003906 ]
		]
	},
	"Overall":
	{
		"Side": "left",
		"GazeWorld": [ -0.99999994039535522, 4.7683707293799671e-07, 1.7881393432617188e-07 ],
		"GazeImage": [ -0.92609235976954773, -0.37729688731351946 ]
	},
	"Parameters":
	{
		"EyeBlink": 0,
		"EyeLookDown": 0,
		"EyeLookIn": 0,
		"EyeLookOut": 0,
		"EyeLookUp": 0,
		"EyeSquint": 0.48999999999999999,
		"EyeWide": 0.47399999999999998
	},
	"Keypoints":
	{
		"PupilOffset": [ 98.818351745605469, -86.357719421386719, 182.38565063476562 ],
		"EyelidLower2": [ 98.841659545898438, -86.306121826171875, 181.87765502929688 ],
		"EyelidLower1": [ 98.979118347167969, -87.126808166503906, 181.95692443847656 ],
		"EyelidLower3": [ 99.143730163574219, -85.504302978515625, 182.0145263671875 ],
		"EyeCornerOuter": [ 99.74310302734375, -85.028999328613281, 182.32569885253906 ],
		"EyeCornerOuter2": [ 99.692863464355469, -85.001914978027344, 182.21939086914062 ],
		"EyeCornerOuter1": [ 99.570724487304688, -84.977470397949219, 182.44491577148438 ],
		"EyeCornerInner": [ 99.229576110839844, -87.864273071289062, 182.0804443359375 ],
		"EyeCornerInner1": [ 99.216903686523438, -87.736030578613281, 182.23533630371094 ],
		"EyeCornerInner2": [ 99.167747497558594, -87.62347412109375, 182.03340148925781 ],
		"Eye": [ 100.47409057617188, -86.453903198242188, 182.45890808105469 ],
		"Pupil": [ 99.108352661132812, -86.367721557617188, 182.38565063476562 ],
		"EyelidUpper2": [ 98.797348022460938, -86.272232055664062, 183.1644287109375 ],
		"EyelidUpper3": [ 99.089996337890625, -85.410797119140625, 182.97036743164062 ],
		"EyelidUpper1": [ 98.873054504394531, -87.094818115234375, 182.92387390136719 ]
	}
}