{
	"Camera":
	{
		"ViewProjection": [
			[ -0.29811987280845642, 0.40300276875495911, 0, 0.91082763671875 ],
			[ 0.87545293569564819, 0.51454663276672363, 0, 0.27477812767028809 ],
			[ -0.20002105832099915, 1.6514581441879272, 0, -0.3080422580242157 ],
			[ 148.17745971679688, -292.86709594726562, 1, -5.4560470581054688 ]
		]
	},
	"Overall":
	{
		"Side": "right",
		"GazeWorld": [ -0.99997711181640625, 0.0067502856254577637, 1.0073184967041016e-05 ],
		"GazeImage": [ 0.92401683242189092, 0.38235179272629971 ]
	},
	"Parameters":
	{
		"EyeBlink": 0,
		"EyeLookDown": 0,
		"EyeLookIn": 0.01,
		"EyeLookOut": 0,
		"EyeLookUp": 0,
		"EyeSquint": 0,
		"EyeWide": 0.129
	},
	"Keypoints":
	{
		"PupilOffset": [ 98.723518371582031, -93.531341552734375, 182.38107299804688 ],
		"Eye": [ 100.39537048339844, -93.458778381347656, 182.474609375 ],
		"Pupil": [ 99.013580322265625, -93.523300170898438, 182.38107299804688 ],
		"EyeCornerOuter": [ 99.883544921875, -94.993080139160156, 182.31668090820312 ],
		"EyeCornerOuter1": [ 99.620071411132812, -94.993682861328125, 182.41932678222656 ],
		"EyeCornerOuter2": [ 99.716278076171875, -95.013092041015625, 182.18081665039062 ],
		"EyeCornerInner": [ 99.10552978515625, -92.080070495605469, 182.02604675292969 ],
		"EyeCornerInner2": [ 99.018341064453125, -92.418434143066406, 181.9259033203125 ],
		"EyeCornerInner1": [ 99.07861328125, -92.257453918457031, 182.22027587890625 ],
		"EyelidLower2": [ 98.845321655273438, -93.714767456054688, 181.77850341796875 ],
		"EyelidLower3": [ 99.222015380859375, -94.520477294921875, 181.94038391113281 ],
		"EyelidLower1": [ 98.857833862304688, -92.932830810546875, 181.86302185058594 ],
		"EyelidUpper1": [ 98.778518676757812, -92.857421875, 182.75914001464844 ],
		"EyelidUpper2": [ 98.682388305664062, -93.690536499023438, 183.00009155273438 ],
		"EyelidUpper3": [ 99.06365966796875, -94.584861755371094, 182.82872009277344 ]
	}
}