{
	"Camera":
	{
		"ViewProjection": [
			[ 0.11435957252979279, 0.53392726182937622, 0, 0.94942688941955566 ],
			[ 0.93594437837600708, 0.077478587627410889, 0, -0.10813920199871063 ],
			[ -0.078942626714706421, 1.6921591758728027, 0, -0.29477906227111816 ],
			[ 90.736465454101562, -354.62994384765625, 1, -47.233810424804688 ]
		]
	},
	"Overall":
	{
		"Side": "right",
		"GazeWorld": [ -0.98655486106872559, -0.0094319218769669533, 0.16315871477127075 ],
		"GazeImage": [ -0.55470019622522904, 0.83205029433784361 ]
	},
	"Parameters":
	{
		"EyeBlink": 0.031,
		"EyeLookDown": 0,
		"EyeLookIn": 0,
		"EyeLookOut": 0.012,
		"EyeLookUp": 0.31,
		"EyeSquint": 0,
		"EyeWide": 0.11
	},
	"Keypoints":
	{
		"PupilOffset": [ 98.729324340820312, -93.556350708007812, 182.57603454589844 ],
		"Eye": [ 100.39257049560547, -93.4566650390625, 182.396240234375 ],
		"Pupil": [ 99.015327453613281, -93.543617248535156, 182.52871704101562 ],
		"EyeCornerOuter": [ 99.951461791992188, -94.979698181152344, 182.38972473144531 ],
		"EyeCornerOuter1": [ 99.654556274414062, -94.963485717773438, 182.49838256835938 ],
		"EyeCornerOuter2": [ 99.790718078613281, -95.012977600097656, 182.25534057617188 ],
		"EyeCornerInner": [ 99.092735290527344, -92.085281372070312, 182.06660461425781 ],
		"EyeCornerInner2": [ 98.976448059082031, -92.434661865234375, 181.98583984375 ],
		"EyeCornerInner1": [ 99.068283081054688, -92.261444091796875, 182.261962890625 ],
		"EyelidLower2": [ 98.813499450683594, -93.724319458007812, 181.8499755859375 ],
		"EyelidLower3": [ 99.177131652832031, -94.537040710449219, 182.01380920410156 ],
		"EyelidLower1": [ 98.813339233398438, -92.9378662109375, 181.919921875 ],
		"EyelidUpper1": [ 98.831008911132812, -92.858108520507812, 182.88543701171875 ],
		"EyelidUpper2": [ 98.744064331054688, -93.692794799804688, 183.119140625 ],
		"EyelidUpper3": [ 99.139007568359375, -94.583770751953125, 182.93399047851562 ]
	}
}