{
	"Camera":
	{
		"ViewProjection": [
			[ 0.20125524699687958, -0.25417235493659973, 0, 0.97298282384872437 ],
			[ 0.92453593015670776, 0.065988145768642426, 0, -0.17777168750762939 ],
			[ -0.0056149582378566265, 1.7565664052963257, 0, 0.14731550216674805 ],
			[ 60.657913208007812, -289.673095703125, 1, -135.09736633300781 ]
		]
	},
	"Overall":
	{
		"Side": "left",
		"GazeWorld": [ -0.9903070330619812, -0.13702176511287689, 0.022735476493835449 ],
		"GazeImage": [ -0.94868329805051377, -0.31622776601683794 ]
	},
	"Parameters":
	{
		"EyeBlink": 0.097000000000000003,
		"EyeLookDown": 0,
		"EyeLookIn": 0.21199999999999999,
		"EyeLookOut": 0,
		"EyeLookUp": 0.036999999999999998,
		"EyeSquint": 0.376,
		"EyeWide": 0.089999999999999997
	},
	"Keypoints":
	{
		"PupilOffset": [ 98.82373046875, -86.587753295898438, 182.41578674316406 ],
		"EyelidLower2": [ 98.859649658203125, -86.344993591308594, 181.86698913574219 ],
		"EyelidLower1": [ 98.990165710449219, -87.168846130371094, 181.94017028808594 ],
		"EyelidLower3": [ 99.141555786132812, -85.527305603027344, 181.99247741699219 ],
		"EyeCornerOuter": [ 99.742507934570312, -85.037925720214844, 182.24891662597656 ],
		"EyeCornerOuter2": [ 99.661949157714844, -85.027984619140625, 182.16552734375 ],
		"EyeCornerOuter1": [ 99.550361633300781, -84.986030578613281, 182.3582763671875 ],
		"EyeCornerInner": [ 99.225807189941406, -87.909469604492188, 182.09072875976562 ],
		"EyeCornerInner1": [ 99.2099609375, -87.766250610351562, 182.26376342773438 ],
		"EyeCornerInner2": [ 99.183692932128906, -87.660423278808594, 182.02737426757812 ],
		"Eye": [ 100.47813415527344, -86.4564208984375, 182.45144653320312 ],
		"Pupil": [ 99.112289428710938, -86.55792236328125, 182.40919494628906 ],
		"EyelidUpper2": [ 98.756935119628906, -86.317062377929688, 182.96864318847656 ],
		"EyelidUpper3": [ 99.070442199707031, -85.428230285644531, 182.76617431640625 ],
		"EyelidUpper1": [ 98.894859313964844, -87.160568237304688, 182.76869201660156 ]
	}
}