{
	"Camera":
	{
		"ViewProjection": [
			[ -0.32102566957473755, -0.5721815824508667, 0, 0.87240111827850342 ],
			[ 0.88059079647064209, 0.038846693933010101, 0, 0.39517548680305481 ],
			[ -0.12962999939918518, 1.680946946144104, 0, 0.28766754269599915 ],
			[ 137.80604553222656, -246.02949523925781, 1, -99.141708374023438 ]
		]
	},
	"Overall":
	{
		"Side": "right",
		"GazeWorld": [ -0.96716433763504028, -0.00039182385080493987, -0.25415128469467163 ],
		"GazeImage": [ 0.98442757550848203, -0.1757906384836575 ]
	},
	"Parameters":
	{
		"EyeBlink": 0.021999999999999999,
		"EyeLookDown": 0.37,
		"EyeLookIn": 0,
		"EyeLookOut": 0,
		"EyeLookUp": 0,
		"EyeSquint": 0.26500000000000001,
		"EyeWide": 0
	},
	"Keypoints":
	{
		"PupilOffset": [ 98.749259948730469, -93.524818420410156, 182.01847839355469 ],
		"Eye": [ 100.34181213378906, -93.440338134765625, 182.53277587890625 ],
		"Pupil": [ 99.029731750488281, -93.514701843261719, 182.09217834472656 ],
		"EyeCornerOuter": [ 99.924072265625, -94.873825073242188, 182.07650756835938 ],
		"EyeCornerOuter1": [ 99.631256103515625, -94.910140991210938, 182.15451049804688 ],
		"EyeCornerOuter2": [ 99.78515625, -94.874275207519531, 181.989990234375 ],
		"EyeCornerInner": [ 99.109306335449219, -92.080558776855469, 181.95133972167969 ],
		"EyeCornerInner2": [ 99.09869384765625, -92.387779235839844, 181.87530517578125 ],
		"EyeCornerInner1": [ 99.066459655761719, -92.282142639160156, 182.12095642089844 ],
		"EyelidLower2": [ 98.900497436523438, -93.731002807617188, 181.59698486328125 ],
		"EyelidLower3": [ 99.310256958007812, -94.517204284667969, 181.78065490722656 ],
		"EyelidLower1": [ 98.892311096191406, -92.934226989746094, 181.7196044921875 ],
		"EyelidUpper1": [ 98.665351867675781, -92.865058898925781, 182.41108703613281 ],
		"EyelidUpper2": [ 98.584014892578125, -93.713211059570312, 182.54727172851562 ],
		"EyelidUpper3": [ 99.023971557617188, -94.56732177734375, 182.43063354492188 ]
	}
}