{
	"Camera":
	{
		"ViewProjection": [
			[ -0.25175490975379944, -0.05916401743888855, 0, 0.95426404476165771 ],
			[ 0.91186714172363281, -0.056197818368673325, 0, 0.29613330960273743 ],
			[ 0.020483434200286865, 1.7742111682891846, 0, 0.041051171720027924 ],
			[ 106.61296081542969, -323.20709228515625, 1, -71.605598449707031 ]
		]
	},
	"Overall":
	{
		"Side": "right",
		"GazeWorld": [ -0.96641987562179565, -0.23833112418651581, 0.096078142523765564 ],
		"GazeImage": [ 0, -1 ]
	},
	"Parameters":
	{
		"EyeBlink": 0.29499999999999998,
		"EyeLookDown": 0,
		"EyeLookIn": 0.17999999999999999,
		"EyeLookOut": 0.47899999999999998,
		"EyeLookUp": 0.16200000000000001,
		"EyeSquint": 0.254,
		"EyeWide": 0
	},
	"Keypoints":
	{
		"PupilOffset": [ 98.781105041503906, -93.903465270996094, 182.52214050292969 ],
		"Eye": [ 100.38453674316406, -93.422569274902344, 182.45501708984375 ],
		"Pupil": [ 99.058975219726562, -93.824638366699219, 182.49427795410156 ],
		"EyeCornerOuter": [ 99.868484497070312, -94.8856201171875, 182.22734069824219 ],
		"EyeCornerOuter1": [ 99.595787048339844, -94.902839660644531, 182.35499572753906 ],
		"EyeCornerOuter2": [ 99.805999755859375, -94.858604431152344, 182.11445617675781 ],
		"EyeCornerInner": [ 98.982147216796875, -92.128761291503906, 182.13186645507812 ],
		"EyeCornerInner2": [ 98.941764831542969, -92.447662353515625, 182.0440673828125 ],
		"EyeCornerInner1": [ 98.933433532714844, -92.313751220703125, 182.33216857910156 ],
		"EyelidLower2": [ 98.806640625, -93.6912841796875, 181.91899108886719 ],
		"EyelidLower3": [ 99.090171813964844, -94.499168395996094, 182.05406188964844 ],
		"EyelidLower1": [ 98.796401977539062, -92.91912841796875, 181.96267700195312 ],
		"EyelidUpper1": [ 98.757286071777344, -92.862518310546875, 182.57258605957031 ],
		"EyelidUpper2": [ 98.673362731933594, -93.721145629882812, 182.79414367675781 ],
		"EyelidUpper3": [ 99.004981994628906, -94.597770690917969, 182.66746520996094 ]
	}
}