{
	"Camera":
	{
		"ViewProjection": [
			[ 0.15172134339809418, -0.24234655499458313, 0, 0.98228335380554199 ],
			[ 0.91965973377227783, 0.34540301561355591, 0, -0.10076981782913208 ],
			[ -0.16281358897686005, 1.7252388000488281, 0, 0.15800276398658752 ],
			[ 100.66390991210938, -258.62908935546875, 1, -132.83447265625 ]
		]
	},
	"Overall":
	{
		"Side": "right",
		"GazeWorld": [ -0.99904519319534302, 0.041763443499803543, 0.012822866439819336 ],
		"GazeImage": [ -0.51449575542752646, -0.8574929257125441 ]
	},
	"Parameters":
	{
		"EyeBlink": 0.35199999999999998,
		"EyeLookDown": 0,
		"EyeLookIn": 0.072999999999999995,
		"EyeLookOut": 0,
		"EyeLookUp": 0,
		"EyeSquint": 0.27500000000000002,
		"EyeWide": 0.26900000000000002
	},
	"Keypoints":
	{
		"PupilOffset": [ 98.735252380371094, -93.472244262695312, 182.40184020996094 ],
		"Eye": [ 100.40963745117188, -93.458183288574219, 182.47393798828125 ],
		"Pupil": [ 99.025390625, -93.474365234375, 182.39811706542969 ],
		"EyeCornerOuter": [ 99.589126586914062, -94.821876525878906, 182.20848083496094 ],
		"EyeCornerOuter1": [ 99.342056274414062, -94.876617431640625, 182.32943725585938 ],
		"EyeCornerOuter2": [ 99.42041015625, -94.856887817382812, 182.11199951171875 ],
		"EyeCornerInner": [ 99.105636596679688, -92.075469970703125, 182.08433532714844 ],
		"EyeCornerInner2": [ 99.07464599609375, -92.377899169921875, 182.00703430175781 ],
		"EyeCornerInner1": [ 99.06109619140625, -92.239631652832031, 182.26309204101562 ],
		"EyelidLower2": [ 98.746490478515625, -93.593299865722656, 181.95173645019531 ],
		"EyelidLower3": [ 99.076873779296875, -94.390083312988281, 182.09617614746094 ],
		"EyelidLower1": [ 98.8359375, -92.841377258300781, 181.99888610839844 ],
		"EyelidUpper1": [ 98.746650695800781, -92.782516479492188, 182.58952331542969 ],
		"EyelidUpper2": [ 98.570274353027344, -93.569427490234375, 182.71212768554688 ],
		"EyelidUpper3": [ 98.881072998046875, -94.423164367675781, 182.59062194824219 ]
	}
}