{
	"Camera":
	{
		"ViewProjection": [
			[ -0.29769626259803772, 0.44687387347221375, 0, 0.904560387134552 ],
			[ 0.89335143566131592, 0.32416185736656189, 0, 0.30477097630500793 ],
			[ -0.092746436595916748, 1.6881074905395508, 0, -0.2981363832950592 ],
			[ 123.48390197753906, -324.3841552734375, 1, -5.9531712532043457 ]
		]
	},
	"Overall":
	{
		"Side": "left",
		"GazeWorld": [ -0.98124033212661743, -0.17387916147708893, -0.083265900611877441 ],
		"GazeImage": [ 0.034462275839778879, 0.99940599935358754 ]
	},
	"Parameters":
	{
		"EyeBlink": 0,
		"EyeLookDown": 0.11899999999999999,
		"EyeLookIn": 0.26700000000000002,
		"EyeLookOut": 0,
		"EyeLookUp": 0,
		"EyeSquint": 0.65800000000000003,
		"EyeWide": 0
	},
	"Keypoints":
	{
		"PupilOffset": [ 98.8385009765625, -86.655555725097656, 182.26318359375 ],
		"EyelidLower2": [ 98.791839599609375, -86.424087524414062, 181.93478393554688 ],
		"EyelidLower1": [ 98.988838195800781, -87.217979431152344, 181.99894714355469 ],
		"EyelidLower3": [ 99.057929992675781, -85.619140625, 182.04940795898438 ],
		"EyeCornerOuter": [ 99.603973388671875, -85.148399353027344, 182.16091918945312 ],
		"EyeCornerOuter2": [ 99.519218444824219, -85.124191284179688, 182.10777282714844 ],
		"EyeCornerOuter1": [ 99.432716369628906, -85.043502807617188, 182.24427795410156 ],
		"EyeCornerInner": [ 99.21484375, -87.904464721679688, 182.0916748046875 ],
		"EyeCornerInner1": [ 99.207687377929688, -87.763786315917969, 182.271728515625 ],
		"EyeCornerInner2": [ 99.192573547363281, -87.681503295898438, 182.04203796386719 ],
		"Eye": [ 100.47377014160156, -86.464065551757812, 182.4737548828125 ],
		"Pupil": [ 99.124801635742188, -86.614974975585938, 182.28732299804688 ],
		"EyelidUpper2": [ 98.747596740722656, -86.318130493164062, 182.83006286621094 ],
		"EyelidUpper3": [ 99.023765563964844, -85.455863952636719, 182.6226806640625 ],
		"EyelidUpper1": [ 98.879783630371094, -87.138740539550781, 182.61491394042969 ]
	}
}