{
	"Camera":
	{
		"ViewProjection": [
			[ -0.067830212414264679, 0.66238594055175781, 0, 0.92221766710281372 ],
			[ 0.94204449653625488, 0.14706239104270935, 0, 0.075966842472553253 ],
			[ -0.057036265730857849, 1.6413718461990356, 0, -0.37913563847541809 ],
			[ 105.36468505859375, -351.54824829101562, 1, -12.362009048461914 ]
		]
	},
	"Overall":
	{
		"Side": "right",
		"GazeWorld": [ -0.86722767353057861, -0.49782943725585938, 0.0090436935424804688 ],
		"GazeImage": [ -0.81923192051904048, 0.57346234436332832 ]
	},
	"Parameters":
	{
		"EyeBlink": 0.23499999999999999,
		"EyeLookDown": 0,
		"EyeLookIn": 0,
		"EyeLookOut": 0.69899999999999995,
		"EyeLookUp": 0,
		"EyeSquint": 0,
		"EyeWide": 0
	},
	"Keypoints":
	{
		"PupilOffset": [ 98.964401245117188, -94.312774658203125, 182.43063354492188 ],
		"Eye": [ 100.37310791015625, -93.409469604492188, 182.50906372070312 ],
		"Pupil": [ 99.210922241210938, -94.15972900390625, 182.42800903320312 ],
		"EyeCornerOuter": [ 99.987716674804688, -94.961753845214844, 182.19146728515625 ],
		"EyeCornerOuter1": [ 99.684112548828125, -94.94830322265625, 182.31491088867188 ],
		"EyeCornerOuter2": [ 99.995033264160156, -94.915145874023438, 182.06169128417969 ],
		"EyeCornerInner": [ 98.917366027832031, -92.209854125976562, 182.03445434570312 ],
		"EyeCornerInner2": [ 98.879959106445312, -92.519996643066406, 181.91349792480469 ],
		"EyeCornerInner1": [ 98.850936889648438, -92.384170532226562, 182.25041198730469 ],
		"EyelidLower2": [ 98.885475158691406, -93.776283264160156, 181.79693603515625 ],
		"EyelidLower3": [ 99.216773986816406, -94.606727600097656, 181.93263244628906 ],
		"EyelidLower1": [ 98.831161499023438, -93.00946044921875, 181.86672973632812 ],
		"EyelidUpper1": [ 98.746711730957031, -92.9266357421875, 182.57705688476562 ],
		"EyelidUpper2": [ 98.6719970703125, -93.795478820800781, 182.77946472167969 ],
		"EyelidUpper3": [ 99.03875732421875, -94.69140625, 182.65711975097656 ]
	}
}