{
	"Camera":
	{
		"ViewProjection": [
			[ 0.022250000387430191, -0.48181566596031189, 0, 0.96251100301742554 ],
			[ 0.93334358930587769, -0.26689296960830688, 0, -0.034477580338716507 ],
			[ 0.15387135744094849, 1.6885216236114502, 0, 0.26904261112213135 ],
			[ 50.195209503173828, -283.28836059570312, 1, -144.52302551269531 ]
		]
	},
	"Overall":
	{
		"Side": "left",
		"GazeWorld": [ -0.97778505086898804, -0.086103864014148712, -0.19110792875289917 ],
		"GazeImage": [ -0.98639392383214375, -0.16439898730535729 ]
	},
	"Parameters":
	{
		"EyeBlink": 0,
		"EyeLookDown": 0.27500000000000002,
		"EyeLookIn": 0.13400000000000001,
		"EyeLookOut": 0,
		"EyeLookUp": 0,
		"EyeSquint": 0.33700000000000002,
		"EyeWide": 0.46200000000000002
	},
	"Keypoints":
	{
		"PupilOffset": [ 98.859466552734375, -86.516799926757812, 182.10691833496094 ],
		"EyelidLower2": [ 98.918098449707031, -86.313163757324219, 181.70156860351562 ],
		"EyelidLower1": [ 99.039505004882812, -87.128608703613281, 181.79179382324219 ],
		"EyelidLower3": [ 99.2457275390625, -85.508148193359375, 181.84492492675781 ],
		"EyeCornerOuter": [ 99.820602416992188, -85.112541198730469, 182.14276123046875 ],
		"EyeCornerOuter2": [ 99.761260986328125, -85.071441650390625, 182.03254699707031 ],
		"EyeCornerOuter1": [ 99.585479736328125, -85.060356140136719, 182.27766418457031 ],
		"EyeCornerInner": [ 99.246864318847656, -87.87548828125, 181.97836303710938 ],
		"EyeCornerInner1": [ 99.213401794433594, -87.729728698730469, 182.17074584960938 ],
		"EyeCornerInner2": [ 99.239936828613281, -87.631698608398438, 181.89482116699219 ],
		"Eye": [ 100.47273254394531, -86.471588134765625, 182.49456787109375 ],
		"Pupil": [ 99.143898010253906, -86.501792907714844, 182.16233825683594 ],
		"EyelidUpper2": [ 98.732810974121094, -86.314582824707031, 182.88858032226562 ],
		"EyelidUpper3": [ 99.055763244628906, -85.436241149902344, 182.71273803710938 ],
		"EyelidUpper1": [ 98.8306884765625, -87.153388977050781, 182.70832824707031 ]
	}
}