{
	"Camera":
	{
		"ViewProjection": [
			[ 0.0079765524715185165, 0.43263000249862671, 0, 0.96957069635391235 ],
			[ 0.93735235929489136, 0.23100742697715759, 0, -0.0092039937153458595 ],
			[ -0.12887553870677948, 1.7070299386978149, 0, -0.24463886022567749 ],
			[ 110.55894470214844, -332.86737060546875, 1, -49.349292755126953 ]
		]
	},
	"Overall":
	{
		"Side": "right",
		"GazeWorld": [ -0.88196229934692383, -0.47076785564422607, -0.022806525230407715 ],
		"GazeImage": [ -0.84928532528904388, 0.52793412112562188 ]
	},
	"Parameters":
	{
		"EyeBlink": 0,
		"EyeLookDown": 0.039,
		"EyeLookIn": 0,
		"EyeLookOut": 0.66300000000000003,
		"EyeLookUp": 0.0080000000000000002,
		"EyeSquint": 0.52100000000000002,
		"EyeWide": 0.154
	},
	"Keypoints":
	{
		"PupilOffset": [ 98.92681884765625, -94.267974853515625, 182.37997436523438 ],
		"Eye": [ 100.35970306396484, -93.410003662109375, 182.51153564453125 ],
		"Pupil": [ 99.177879333496094, -94.122627258300781, 182.38658142089844 ],
		"EyeCornerOuter": [ 99.962318420410156, -94.9105224609375, 182.29496765136719 ],
		"EyeCornerOuter1": [ 99.708335876464844, -94.92596435546875, 182.41142272949219 ],
		"EyeCornerOuter2": [ 99.947784423828125, -94.862808227539062, 182.17637634277344 ],
		"EyeCornerInner": [ 98.930122375488281, -92.188446044921875, 182.17135620117188 ],
		"EyeCornerInner2": [ 98.854011535644531, -92.492385864257812, 182.10745239257812 ],
		"EyeCornerInner1": [ 98.920120239257812, -92.355094909667969, 182.34915161132812 ],
		"EyelidLower2": [ 98.755996704101562, -93.757614135742188, 181.94093322753906 ],
		"EyelidLower3": [ 99.087799072265625, -94.555213928222656, 182.08042907714844 ],
		"EyelidLower1": [ 98.758110046386719, -92.9989013671875, 182.00032043457031 ],
		"EyelidUpper1": [ 98.706474304199219, -92.947410583496094, 182.74519348144531 ],
		"EyelidUpper2": [ 98.677879333496094, -93.812911987304688, 182.98268127441406 ],
		"EyelidUpper3": [ 99.0614013671875, -94.71258544921875, 182.83207702636719 ]
	}
}