{
	"Camera":
	{
		"ViewProjection": [
			[ 0.046640828251838684, -0.3002924919128418, 0, 0.98547500371932983 ],
			[ 0.94345647096633911, 0.11651017516851425, 0, -0.0063691744580864906 ],
			[ -0.054919637739658356, 1.746634840965271, 0, 0.16970124840736389 ],
			[ 93.672157287597656, -278.05746459960938, 1, -126.12884521484375 ]
		]
	},
	"Overall":
	{
		"Side": "right",
		"GazeWorld": [ -0.99980121850967407, -0.010252409614622593, 0.017099380493164062 ],
		"GazeImage": [ -0.1520571842539411, -0.98837169765061716 ]
	},
	"Parameters":
	{
		"EyeBlink": 0.56499999999999995,
		"EyeLookDown": 0.047,
		"EyeLookIn": 0,
		"EyeLookOut": 0,
		"EyeLookUp": 0.055,
		"EyeSquint": 0.16600000000000001,
		"EyeWide": 0.745
	},
	"Keypoints":
	{
		"PupilOffset": [ 98.738418579101562, -93.557266235351562, 182.40292358398438 ],
		"Eye": [ 100.41009521484375, -93.456298828125, 182.46786499023438 ],
		"Pupil": [ 99.02825927734375, -93.544296264648438, 182.39796447753906 ],
		"EyeCornerOuter": [ 99.543312072753906, -94.788871765136719, 182.19589233398438 ],
		"EyeCornerOuter1": [ 99.309356689453125, -94.8421630859375, 182.34194946289062 ],
		"EyeCornerOuter2": [ 99.356124877929688, -94.83984375, 182.06826782226562 ],
		"EyeCornerInner": [ 99.110954284667969, -92.089447021484375, 182.03309631347656 ],
		"EyeCornerInner2": [ 99.101699829101562, -92.383918762207031, 181.953369140625 ],
		"EyeCornerInner1": [ 99.047515869140625, -92.242271423339844, 182.19023132324219 ],
		"EyelidLower2": [ 98.757858276367188, -93.597915649414062, 181.93215942382812 ],
		"EyelidLower3": [ 99.104331970214844, -94.404144287109375, 182.0882568359375 ],
		"EyelidLower1": [ 98.846160888671875, -92.850074768066406, 181.97105407714844 ],
		"EyelidUpper1": [ 98.707374572753906, -92.791969299316406, 182.59852600097656 ],
		"EyelidUpper2": [ 98.522918701171875, -93.55267333984375, 182.70887756347656 ],
		"EyelidUpper3": [ 98.820610046386719, -94.362442016601562, 182.60565185546875 ]
	}
}