{
	"Camera":
	{
		"ViewProjection": [
			[ -0.18895073235034943, -0.36922720074653625, 0, 0.9506152868270874 ],
			[ 0.91065996885299683, -0.39977055788040161, 0, 0.18296001851558685 ],
			[ 0.17406265437602997, 1.690662145614624, 0, 0.25071144104003906 ],
			[ 72.347480773925781, -309.52127075195312, 1, -119.78896331787109 ]
		]
	},
	"Overall":
	{
		"Side": "right",
		"GazeWorld": [ -0.95796507596969604, -0.0037827803753316402, -0.28686004877090454 ],
		"GazeImage": [ 0.70710678118654757, 0.70710678118654757 ]
	},
	"Parameters":
	{
		"EyeBlink": 0.20899999999999999,
		"EyeLookDown": 0.42799999999999999,
		"EyeLookIn": 0,
		"EyeLookOut": 0,
		"EyeLookUp": 0,
		"EyeSquint": 0.037999999999999999,
		"EyeWide": 0.441
	},
	"Keypoints":
	{
		"PupilOffset": [ 98.766693115234375, -93.527542114257812, 181.97402954101562 ],
		"Eye": [ 100.340576171875, -93.437400817871094, 182.54190063476562 ],
		"Pupil": [ 99.044464111328125, -93.516448974609375, 182.05720520019531 ],
		"EyeCornerOuter": [ 99.681175231933594, -94.801963806152344, 182.02973937988281 ],
		"EyeCornerOuter1": [ 99.368850708007812, -94.832931518554688, 182.13265991210938 ],
		"EyeCornerOuter2": [ 99.526649475097656, -94.8533935546875, 181.91543579101562 ],
		"EyeCornerInner": [ 99.086860656738281, -92.104484558105469, 181.90153503417969 ],
		"EyeCornerInner2": [ 99.110191345214844, -92.389663696289062, 181.78507995605469 ],
		"EyeCornerInner1": [ 99.030426025390625, -92.290443420410156, 182.0760498046875 ],
		"EyelidLower2": [ 98.832382202148438, -93.707405090332031, 181.66128540039062 ],
		"EyelidLower3": [ 99.294334411621094, -94.523582458496094, 181.87149047851562 ],
		"EyelidLower1": [ 98.887107849121094, -92.934234619140625, 181.75169372558594 ],
		"EyelidUpper1": [ 98.625862121582031, -92.858444213867188, 182.41767883300781 ],
		"EyelidUpper2": [ 98.503028869628906, -93.660163879394531, 182.46775817871094 ],
		"EyelidUpper3": [ 98.91796875, -94.496871948242188, 182.35202026367188 ]
	}
}